ride_id,rideable_type,started_at,ended_at,start_station_name,start_station_id,end_station_name,end_station_id,start_lat,start_lng,end_lat,end_lng,member_casual
B44E5B10AEE58AD0,classic_bike,58:18.2,11:11.3,Frederick Douglass Blvd & W 145 St,7954.12,E 138 St & 5 Ave,7809.13,40.823061,-73.941928,40.81449,-73.936153,member
BC252DC6A6011556,electric_bike,46:12.5,45:37.8,Madison Ave & E 99 St,7443.01,,,40.78948541553215,-73.95242929,40.78,-73.96,member
6FBE55EF6FE8736D,electric_bike,55:18.8,02:23.5,Columbia St & Kane St,4422.05,,,40.68763155,-74.0016256,40.69,-74,member
908890DE7FDCF9FE,electric_bike,51:11.7,57:43.5,E 13 St & 2 Ave,5820.08,E 10 St & 2 Ave,5746.02,40.73153937464073,-73.98530245,40.72970805644994,-73.98659796,member
D5D366379A4DC0A8,classic_bike,48:40.1,10:32.3,11 Ave & W 41 St,6726.01,E 25 St & 1 Ave,6004.07,40.76030096,-73.99884222,40.7381765,-73.97738662,member
D56FA800710E6478,classic_bike,14:09.0,16:23.3,E 13 St & 2 Ave,5820.08,E 10 St & 2 Ave,5746.02,40.73153937464073,-73.98530245,40.72970805644994,-73.98659796,member
DF7648016BCEECD1,electric_bike,07:22.6,14:25.9,Bond St & Fulton St,4479.06,Columbia Heights & Cranberry St,4829.01,40.68962189,-73.98304269,40.70037867,-73.99548059,member
B3D30FB1C434D756,classic_bike,19:37.9,22:25.5,W 24 St & 7 Ave,6257.03,W 25 St & 9 Ave,6339.06,40.74487634,-73.99529885,40.747832605837715,-74.00057226,member
35B761A9266DBB9E,classic_bike,13:21.4,18:06.1,W 24 St & 7 Ave,6257.03,W 25 St & 9 Ave,6339.06,40.74487634,-73.99529885,40.747832605837715,-74.00057226,member
BA1E0BE59444AA29,electric_bike,03:56.6,06:46.7,W 24 St & 7 Ave,6257.03,W 25 St & 9 Ave,6339.06,40.74487634,-73.99529885,40.747832605837715,-74.00057226,member
BCF2F7B3A0AEECF4,classic_bike,07:56.8,18:23.7,Madison Ave & E 99 St,7443.01,E 75 St & 3 Ave,6991.12,40.78948541553215,-73.95242929,40.77112927,-73.95772297,member
5160EA109B0F9095,classic_bike,25:13.8,44:36.3,E 11 St & Ave B,5659.11,W 25 St & 9 Ave,6339.06,40.72746420692392,-73.97950418,40.747832605837715,-74.00057226,member
E9B8396489346AA3,electric_bike,17:52.9,22:10.1,Crescent St & Broadway,6827.11,Steinway St & Broadway,6711.13,40.7633589,-73.9286471,40.75905795418586,-73.91897544,member
918A4148411FDBBB,classic_bike,15:58.5,28:16.4,E 11 St & Ave B,5659.11,Washington Pl & Greene St,5755.15,40.72746420692392,-73.97950418,40.72980619180496,-73.99546381,member
889E80D59C746E0A,classic_bike,25:40.3,35:46.3,E 11 St & Ave B,5659.11,Washington Pl & Greene St,5755.15,40.72746420692392,-73.97950418,40.72980619180496,-73.99546381,member
0E7F96A776D2E562,electric_bike,37:42.5,40:47.3,W 24 St & 7 Ave,6257.03,W 25 St & 9 Ave,6339.06,40.74487634,-73.99529885,40.747832605837715,-74.00057226,member
2C59674435891F94,electric_bike,29:33.3,34:17.9,W 24 St & 7 Ave,6257.03,W 29 St & 9 Ave,6416.06,40.74487634,-73.99529885,40.7500727,-73.99839279,member
BA3C109B98004552,electric_bike,42:17.3,47:12.0,Madison Ave & E 99 St,7443.01,E 91 St & 2 Ave,7286.01,40.78948541553215,-73.95242929,40.78115276427915,-73.94963041,member
FCB08B7C10932BE1,electric_bike,02:47.1,07:16.8,Butler St & Court St,4339.01,3 Ave & Carroll St,4143.04,40.6849894,-73.99440329,40.677027,-73.9865,casual
8999B02B7A087F25,electric_bike,06:48.4,16:09.2,E 48 St & 5 Ave,6626.01,W 56 St & 8 Ave,6884.03,40.75724567911726,-73.97805914,40.765959181657976,-73.98313522,member
CED9912A9EBCBD7D,classic_bike,10:19.4,15:51.6,E 11 St & Ave B,5659.11,Stanton St & Norfolk St,5445.07,40.72746420692392,-73.97950418,40.720747,-73.986274,member
408F117A4A56EB10,electric_bike,09:22.5,22:32.2,W 24 St & 7 Ave,6257.03,Norfolk St & Broome St,5374.01,40.74487634,-73.99529885,40.7172274,-73.98802084,member
91D61FDC9108CB69,classic_bike,18:45.3,25:08.9,Madison Ave & E 99 St,7443.01,E 103 St & 2 Ave,7436.16,40.78948541553215,-73.95242929,40.78864,-73.9436,member
DC87B614933AAAEB,classic_bike,00:16.0,21:03.8,W 54 St & 6 Ave,6771.13,E 91 St & Park Ave,7344.05,40.761865,-73.977242,40.7835016,-73.955327,member
E3C9CE0B8D9B2103,classic_bike,04:25.2,18:35.4,Crescent St & Broadway,6827.11,34 Ave & 48 St,6554.05,40.7633589,-73.9286471,40.75388,-73.914952,member
7B4B409C617F55AC,electric_bike,26:36.3,38:42.3,Butler St & Court St,4339.01,Front St & Gold St,4927.04,40.6849894,-73.99440329,40.70224,-73.982578,member
9319A0C39AC0ED9E,electric_bike,59:07.3,10:22.6,W 54 St & 6 Ave,6771.13,E 89 St & 3 Ave,7265.1,40.761865,-73.977242,40.7806284,-73.9521667,member
0C97153811B9FF9A,electric_bike,49:06.4,55:12.2,W 54 St & 6 Ave,6771.13,W 44 St & 5 Ave,6551.02,40.761865,-73.977242,40.75500254,-73.98014437,member
8F11B8F05508D8FC,classic_bike,50:07.8,13:54.7,E 48 St & 5 Ave,6626.01,E 89 St & 3 Ave,7265.1,40.75724567911726,-73.97805914,40.7806284,-73.9521667,member
D61089C731DA299D,classic_bike,01:47.3,14:34.6,E 11 St & Ave B,5659.11,Pier 40 - Hudson River Park,5696.03,40.72746420692392,-73.97950418,40.72771408,-74.01129574,member
369AE50BF276A84C,classic_bike,42:37.0,46:22.9,W 54 St & 6 Ave,6771.13,W 44 St & 5 Ave,6551.02,40.761865,-73.977242,40.75500254,-73.98014437,member
8886DA9FE4EAFD1D,classic_bike,28:45.3,52:42.1,48 Ave & 5 St,6212.04,5 Ave & E 63 St,6904.06,40.744363287066875,-73.95587325,40.766368,-73.971518,casual
47B4DCA486171848,classic_bike,40:28.5,44:01.1,Bond St & Fulton St,4479.06,Fulton St & Adams St,4637.06,40.68962189,-73.98304269,40.692418292578466,-73.98949474,member
CF075319FEF50BA7,electric_bike,47:27.0,00:41.4,E 13 St & 2 Ave,5820.08,W 20 St & 10 Ave,6306.01,40.73153937464073,-73.98530245,40.745686,-74.005141,casual
E3D41D5EDCD5B4C5,electric_bike,50:33.0,01:32.4,E 15 St & 5 Ave,5947.06,Lafayette St & Grand St,5422.09,40.736592,-73.992949,40.72028,-73.99879,casual
773119F1A736DE8A,electric_bike,37:52.4,51:45.3,31 St & Broadway,6789.2,33 St & Queens Blvd,6185.07,40.76211,-73.92523,40.74436532,-73.93172398,casual
581B1BEB02281C4C,classic_bike,20:03.9,30:52.7,West End Ave & W 60 St,7059.08,Hudson Blvd W & W 36 St,6611.07,40.77237,-73.99005,40.75676475086503,-73.9997144,member
2ED75763A79D963A,classic_bike,12:10.2,22:27.5,West End Ave & W 60 St,7059.08,Hudson Blvd W & W 36 St,6611.07,40.77237,-73.99005,40.75676475086503,-73.9997144,member
EF4C72789D0BE5FF,electric_bike,23:17.7,34:49.8,West End Ave & W 60 St,7059.08,W 20 St & 10 Ave,6306.01,40.77237,-73.99005,40.745686,-74.005141,member
58126A820DFDB9FD,classic_bike,29:18.7,32:43.7,Frederick Douglass Blvd & W 115 St,7658.13,Lenox Ave & W 117 St,7655.22,40.8038654,-73.9559308,40.8025566,-73.9490782,member
0DBADB343EDB84A8,electric_bike,02:06.9,07:38.0,Frederick Douglass Blvd & W 117 St,7688.12,Lenox Ave & W 130 St,7753.13,40.805159,-73.954692,40.8107922,-73.9430681,member
CCD4681753A44525,electric_bike,01:33.2,13:06.9,Frederick Douglass Blvd & W 115 St,7658.13,Lenox Ave & W 130 St,7753.13,40.8038654,-73.9559308,40.8107922,-73.9430681,member
C379DAC25F49C2C8,electric_bike,30:11.7,43:08.1,South End Ave & Albany St,5114.08,W 20 St & 10 Ave,6306.01,40.709957,-74.016538,40.745686,-74.005141,member
D99B994256853081,electric_bike,35:26.4,40:05.6,Frederick Douglass Blvd & W 117 St,7688.12,Adam Clayton Powell Blvd & W 126 St,7738.04,40.805159,-73.954692,40.809495347779475,-73.94776493,member
EC5EB8367DF20563,classic_bike,38:55.7,46:33.6,E 11 St & Ave B,5659.11,W 13 St & 5 Ave,5947.04,40.72746420692392,-73.97950418,40.735445,-73.99431,member
26F0F81576CA6E82,electric_bike,07:50.0,11:46.5,Butler St & Court St,4339.01,Henry St & Atlantic Ave,4531.05,40.6849894,-73.99440329,40.69089272,-73.99612349,member
D9E896F67223E41D,classic_bike,58:19.8,04:03.1,Lexington Ave & E 24 St,6089.07,W 24 St & 7 Ave,6257.03,40.74025878,-73.98409214,40.74487634,-73.99529885,member
F7B1B240FACBFDB0,electric_bike,43:46.6,06:38.7,11 Ave & W 41 St,6726.01,E 48 St & 5 Ave,6626.01,40.76030096,-73.99884222,40.75724567911726,-73.97805914,casual
4E7C969D6A4BD88F,electric_bike,02:45.7,07:03.6,E 15 St & 5 Ave,5947.06,W 24 St & 7 Ave,6257.03,40.736592,-73.992949,40.74487634,-73.99529885,member
43CF779298FAA186,electric_bike,15:36.9,18:43.8,W 54 St & 9 Ave,6920.05,W 54 St & 6 Ave,6771.13,40.76604,-73.98737,40.761865,-73.977242,member
04201486DD41C48F,classic_bike,12:56.9,18:49.4,W 54 St & 9 Ave,6920.05,W 54 St & 6 Ave,6771.13,40.76604,-73.98737,40.761865,-73.977242,member
AB2D40380FEFE3DC,electric_bike,32:20.8,45:03.5,W 24 St & 7 Ave,6257.03,Lafayette St & E 8 St,5788.13,40.74487634,-73.99529885,40.73020660529954,-73.99102628,member
9E0CD7A9D129233E,classic_bike,07:41.7,27:40.5,E 11 St & Ave B,5659.11,Market St & Henry St,5270.09,40.72746420692392,-73.97950418,40.71310702305908,-73.99446353,member
8A8A518C711124A7,classic_bike,33:40.3,39:26.5,E 48 St & 5 Ave,6626.01,E 39 St & Lexington Ave,6389.09,40.75724567911726,-73.97805914,40.749498546025194,-73.97729203,member
8DEB09D69C41988E,electric_bike,17:00.0,50:54.7,Butler St & Court St,4339.01,West Drive & Prospect Park West,3651.04,40.6849894,-73.99440329,40.66106337,-73.97945255,casual
E60AD9E8688C1552,electric_bike,11:17.3,21:53.3,West End Ave & W 107 St,7650.05,E 114 St & 1 Ave,7540.02,40.8021174,-73.96818053,40.7945663,-73.9362541,member
FC06120BA4797B49,electric_bike,41:41.1,46:10.1,E 48 St & 5 Ave,6626.01,E 39 St & Lexington Ave,6389.09,40.75724567911726,-73.97805914,40.749498546025194,-73.97729203,member
E21A7B9A25AE1BA6,classic_bike,49:24.0,02:15.2,E 11 St & Ave B,5659.11,Allen St & Hester St,5343.1,40.72746420692392,-73.97950418,40.71606,-73.99191,member
6BEDEB2BCD03CA14,electric_bike,35:42.0,41:09.4,W 24 St & 7 Ave,6257.03,Perry St & Bleecker St,5922.07,40.74487634,-73.99529885,40.73535398,-74.00483091,member
B4EE1EA04D166235,classic_bike,51:47.3,03:17.1,E 11 St & Ave B,5659.11,Forsyth St & Grand St,5382.07,40.72746420692392,-73.97950418,40.71779817737835,-73.99316132,member
AA62D1FBD5A5E1B7,electric_bike,01:20.6,05:30.9,11 Ave & W 41 St,6726.01,9 Ave & W 33 St,6492.08,40.76030096,-73.99884222,40.752568,-73.996765,member
E2740EA2DDB1998A,electric_bike,58:15.0,07:02.3,Bergen Ave & E 152 St,7858.02,Franklin Ave & E 169 St,8118.02,40.817166,-73.914737,40.83171,-73.90208,member
A7B4055E1A1581BF,electric_bike,27:59.2,37:33.8,W 54 St & 9 Ave,6920.05,W 78 St & Broadway,7311.07,40.76604,-73.98737,40.78339981,-73.98093133,member
55828E01219497C6,electric_bike,35:26.4,45:09.0,11 Ave & W 41 St,6726.01,W 21 St & 6 Ave,6140.05,40.76030096,-73.99884222,40.74173969,-73.99415556,member
82C8A7B7E1680083,electric_bike,48:46.0,18:12.9,Willoughby Ave & Myrtle Ave,4759.02,Pioneer St & Van Brunt St,4169.04,40.69757,-73.93098,40.679043,-74.011169,member
40B02C8F8088843C,electric_bike,49:24.6,54:31.8,11 Ave & W 41 St,6726.01,9 Ave & W 33 St,6492.08,40.76030096,-73.99884222,40.752568,-73.996765,member
27A4C05C3075CD8E,electric_bike,35:13.0,43:09.6,Willoughby Ave & Myrtle Ave,4759.02,Menahan St & Seneca Ave,4963.13,40.69757,-73.93098,40.70461,-73.91054,member
54E6C2CBC8C97F60,electric_bike,18:54.4,28:28.2,West End Ave & W 60 St,7059.08,9 Ave & W 33 St,6492.08,40.77237,-73.99005,40.752568,-73.996765,member
9313A69AB8AE8BDE,electric_bike,42:18.4,50:58.2,W 54 St & 9 Ave,6920.05,9 Ave & W 33 St,6492.08,40.76604,-73.98737,40.752568,-73.996765,member
7BB07AE185B11829,electric_bike,53:43.7,03:29.4,11 Ave & W 41 St,6726.01,W 78 St & Broadway,7311.07,40.76030096,-73.99884222,40.78339981,-73.98093133,member
F5C5B5ABFF054BC5,electric_bike,39:41.4,44:23.8,E 13 St & 2 Ave,5820.08,Ave D & E 8 St,5506.1,40.73153937464073,-73.98530245,40.72368361,-73.97574813,member
AA8E0F6DEB465151,classic_bike,11:50.8,20:18.7,Lexington Ave & E 24 St,6089.07,W 21 St & 6 Ave,6140.05,40.74025878,-73.98409214,40.74173969,-73.99415556,member
4632A171755907BA,classic_bike,27:12.9,34:04.7,11 Ave & W 41 St,6726.01,9 Ave & W 33 St,6492.08,40.76030096,-73.99884222,40.752568,-73.996765,member
6DE41F335564E5CD,electric_bike,14:52.8,19:05.2,11 Ave & W 41 St,6726.01,9 Ave & W 33 St,6492.08,40.76030096,-73.99884222,40.752568,-73.996765,member
410BB5DCA9B0F533,electric_bike,37:17.6,41:54.0,Bergen St & Saratoga Ave,4064.03,Sumpter St & Fulton St,4187.04,40.67423,-73.91656,40.67923,-73.92588,casual
9B7706A0F235C5C0,electric_bike,20:24.4,38:48.5,W 54 St & 6 Ave,6771.13,Washington St & Barrow St,5847.08,40.761865,-73.977242,40.73191132323174,-74.00876909,member
61F87DB98F0DCF57,electric_bike,42:48.2,11:30.2,E 11 St & Ave B,5659.11,Nassau Ave & Newell St,5623.03,40.72746420692392,-73.97950418,40.724812564400175,-73.94752622,member
E4B42C859C7D58A4,classic_bike,45:41.2,58:03.0,W 24 St & 7 Ave,6257.03,Mercer St & Bleecker St,5679.05,40.74487634,-73.99529885,40.72706363348306,-73.99662137,member
E6EE54E939B01F62,electric_bike,04:20.4,10:41.2,Crescent St & Broadway,6827.11,Vernon Blvd & 31 Ave,7003.06,40.7633589,-73.9286471,40.7692475,-73.9354504,member
D8073B8836FB38F0,electric_bike,54:50.3,03:19.0,W 24 St & 7 Ave,6257.03,W 54 St & 9 Ave,6920.05,40.74487634,-73.99529885,40.76604,-73.98737,member
E90A91228C9DF2A4,electric_bike,04:50.8,09:16.7,W 24 St & 7 Ave,6257.03,Lexington Ave & E 24 St,6089.07,40.74487634,-73.99529885,40.74025878,-73.98409214,member
77398FF0305B95E9,electric_bike,35:12.2,51:59.5,Bedford Ave & Nassau Ave,5550.05,Cleveland Pl & Spring St,5492.05,40.72311651,-73.95212324,40.722103786686034,-73.99724901,member
FD4B3D586B6BC6CE,electric_bike,29:53.1,58:55.7,Vesey St & Greenwich St,5216.07,Riverside Dr & W 91 St,7524.16,40.71254669463547,-74.01113051,40.79313480986663,-73.97700369,member
94B598449899AE5A,electric_bike,11:13.5,15:47.7,E 106 St & 1 Ave,7456.03,2 Ave & E 96 St,7338.02,40.7892529,-73.93956237,40.7839636,-73.9471673,member
BE8E09F0178F6FF3,electric_bike,31:28.0,44:43.3,Central Park S & Grand Army Plaza,6839.15,W 17 St & 7 Ave,6107.08,40.764555,-73.973473,40.74056423633952,-73.99852574,member
22E48C440F6D6CC5,electric_bike,56:28.1,03:19.4,Vesey St & Greenwich St,5216.07,Cleveland Pl & Spring St,5492.05,40.71254669463547,-74.01113051,40.722103786686034,-73.99724901,member
4613664BAFDF2123,classic_bike,31:50.2,35:53.9,E 15 St & 5 Ave,5947.06,W 17 St & 7 Ave,6107.08,40.736592,-73.992949,40.74056423633952,-73.99852574,member
915606316A74AA45,electric_bike,59:19.1,14:35.9,11 Ave & W 41 St,6726.01,Riverside Dr & W 91 St,7524.16,40.76030096,-73.99884222,40.79313480986663,-73.97700369,member
C11954FC6667BB30,classic_bike,49:10.1,53:39.4,E 106 St & 1 Ave,7456.03,2 Ave & E 96 St,7338.02,40.7892529,-73.93956237,40.7839636,-73.9471673,member
98EFAB1736B58F1D,electric_bike,24:43.6,41:08.3,Bedford Ave & Nassau Ave,5550.05,Cleveland Pl & Spring St,5492.05,40.72311651,-73.95212324,40.722103786686034,-73.99724901,member
A9363FE8AF56FE11,classic_bike,41:29.4,35:51.7,Kent St & McGuinness Blvd,5785.1,4 Ave & 3 St,4028.04,40.73124,-73.95161,40.673746,-73.985649,member
309948CE92CFD6F5,electric_bike,32:00.7,44:53.8,Bedford Ave & Nassau Ave,5550.05,Kenmare St & Elizabeth St,5453.06,40.72311651,-73.95212324,40.72054,-73.9949,member
48D15343DA73A056,classic_bike,17:27.2,28:28.0,W 24 St & 7 Ave,6257.03,E 23 St & 1 Ave,5929.01,40.74487634,-73.99529885,40.736502,-73.97809472,member
65E7B9C7A80BCAF3,electric_bike,00:21.4,04:28.0,W 24 St & 7 Ave,6257.03,W 34 St & Hudson Blvd E,6535.04,40.74487634,-73.99529885,40.75516719072139,-74.00059909,member
D111A3D998BD62B4,electric_bike,36:49.1,44:41.9,Madison Ave & E 99 St,7443.01,Park Ave & E 124 St,7682.01,40.78948541553215,-73.95242929,40.8045555,-73.9396861,casual
535024B0493A982E,electric_bike,53:16.5,58:03.5,59 St & 4 Ave,3011.03,Keegan Rd & 2 Ave,3019.03,40.641269,-74.017651,40.64243139706092,-74.02553558,casual
6CB7E969421A5871,electric_bike,19:38.6,25:09.4,West End Ave & W 107 St,7650.05,W 87 St & Amsterdam Ave,7458.03,40.8021174,-73.96818053,40.78839,-73.9747,casual
7A7213C10DB1278A,electric_bike,34:53.8,40:05.0,West End Ave & W 107 St,7650.05,W 87 St & Amsterdam Ave,7458.03,40.8021174,-73.96818053,40.78839,-73.9747,member
6057997D3A6C63FE,electric_bike,57:24.6,02:10.1,Frederick Douglass Blvd & W 145 St,7954.12,Broadway & W 157 St,8123.06,40.823061,-73.941928,40.83402740143528,-73.94510813,member
0D0FD7F243FA235A,electric_bike,30:26.8,35:23.0,Madison Ave & E 99 St,7443.01,E 118 St & Madison Ave,7640.04,40.78948541553215,-73.95242929,40.8014866,-73.9442507,member
3390FF48A9A8C29B,electric_bike,05:02.0,07:39.7,W 24 St & 7 Ave,6257.03,W 31 St & 7 Ave,6331.01,40.74487634,-73.99529885,40.749156,-73.9916,casual
0F5C41D5564BF568,classic_bike,15:00.7,22:41.3,E 48 St & 5 Ave,6626.01,W 31 St & 7 Ave,6331.01,40.75724567911726,-73.97805914,40.749156,-73.9916,member
2B770966D506B12E,classic_bike,38:53.0,43:28.8,W 54 St & 6 Ave,6771.13,E 51 St & Lexington Ave,6659.01,40.761865,-73.977242,40.75714758,-73.97207836,member
B3794CD00C9BD353,electric_bike,36:19.7,46:56.8,Butler St & Court St,4339.01,Duffield St & Willoughby St,4596.05,40.6849894,-73.99440329,40.69221589,-73.9842844,member
9CA2A256A195E651,electric_bike,47:16.5,06:07.5,E 11 St & Ave B,5659.11,E 65 St & 2 Ave,6860.12,40.72746420692392,-73.97950418,40.76471851944339,-73.9622207,member
6DDACFEAE315315E,electric_bike,23:57.9,30:12.3,E 48 St & 5 Ave,6626.01,W 31 St & 7 Ave,6331.01,40.75724567911726,-73.97805914,40.749156,-73.9916,member
6370D1207F0D4354,electric_bike,37:23.4,43:44.9,Columbia St & W 9 St,4086.05,Smith St & 3 St,4151.01,40.6769993,-74.00647134,40.6787242,-73.99599099,member
7F96C6277B4CB85D,electric_bike,48:13.2,50:58.6,W 54 St & 6 Ave,6771.13,E 51 St & Lexington Ave,6659.01,40.761865,-73.977242,40.75714758,-73.97207836,member
D529A7E7A4E8C504,electric_bike,03:57.4,09:03.2,E 11 St & Ave B,5659.11,E 25 St & 2 Ave,6046.02,40.72746420692392,-73.97950418,40.73912601,-73.97973776,member
1B9011E5F42CC7E9,electric_bike,44:26.1,47:44.4,Crescent St & Broadway,6827.11,31 Ave & 14 St,6966.04,40.7633589,-73.9286471,40.7682,-73.9322662,casual
74B1280FADD5BBD4,classic_bike,00:09.5,01:48.4,Butler St & Court St,4339.01,Kane St & Clinton St,4455.11,40.6849894,-73.99440329,40.6861758,-73.99645295,member
92A937BFFDC64F7E,electric_bike,55:07.2,58:43.6,Morris Ave & E 142 St,7821.01,St Ann's Ave & E 144 St,7755.03,40.814469,-73.924963,40.811112,-73.914932,member
9EFA944A08650DD6,electric_bike,39:02.2,57:36.3,52 St & 1 Ave,3253.01,Prospect Pl & 6 Ave,4166.08,40.649292,-74.020105,40.6793307,-73.97519523,member
7F13B14D424E76ED,electric_bike,14:38.9,20:24.0,W 24 St & 7 Ave,6257.03,10 Ave & W 14 St,6157.04,40.74487634,-73.99529885,40.741981599940225,-74.0083158,member
845EE76FA574532E,classic_bike,09:25.0,22:19.0,E 11 St & Ave B,5659.11,W 16 St & The High Line,6233.05,40.72746420692392,-73.97950418,40.74334935,-74.00681753,member
7C0684CAC04A1B01,electric_bike,13:55.3,16:36.6,W 24 St & 7 Ave,6257.03,Broadway & W 25 St,6173.08,40.74487634,-73.99529885,40.74286877312112,-73.98918629,member
DC3334C5A56615CC,electric_bike,11:13.4,14:38.3,W 24 St & 7 Ave,6257.03,Broadway & W 25 St,6173.08,40.74487634,-73.99529885,40.74286877312112,-73.98918629,member
4E10D8F20C67E0CA,electric_bike,42:33.7,48:00.0,E 11 St & Ave B,5659.11,E 5 St & Cooper Sq,5712.12,40.72746420692392,-73.97950418,40.72769,-73.990993,member
91BF8950FD5A9ED3,electric_bike,00:52.5,07:06.1,W 24 St & 7 Ave,6257.03,8 Ave & W 38 St,6526.05,40.74487634,-73.99529885,40.75461,-73.99177,member
D566F061B149C00F,electric_bike,46:37.3,50:17.6,1 Ave & E 110 St,7522.02,3 Ave & E 112 St,7543.15,40.7923272,-73.9383,40.795508,-73.941606,member
030F823D8F19A3E6,electric_bike,34:25.7,55:05.6,W 24 St & 7 Ave,6257.03,E 77 St & 1 Ave,7020.02,40.74487634,-73.99529885,40.77095553869235,-73.95356208,member
0C92C586A86669E0,electric_bike,31:12.7,36:45.4,Crescent St & Broadway,6827.11,28 St & 41 Ave,6462.19,40.7633589,-73.9286471,40.751047,-73.93797,member
F1CB8693010E43F7,classic_bike,52:23.9,58:10.4,E 48 St & 5 Ave,6626.01,E 43 St & Madison Ave,6551.11,40.75724567911726,-73.97805914,40.75354681867074,-73.97896573,member
96BA484F27B2F7BC,classic_bike,51:16.5,04:15.1,Frederick Douglass Blvd & W 145 St,7954.12,Frederick Douglass Blvd & W 117 St,7688.12,40.823061,-73.941928,40.805159,-73.954692,member
83966DF5BE403007,electric_bike,37:23.2,42:41.0,Madison St & Seneca Ave,4880.11,St Felix Ave & 61 St,4719.04,40.70183,-73.90625,40.69715,-73.8936,casual
63416953691CE68A,electric_bike,38:50.3,48:41.7,1 Ave & E 110 St,7522.02,Mt Morris Park W & W 120 St,7685.14,40.7923272,-73.9383,40.804038,-73.945925,member
F1C93B22450451CF,electric_bike,12:04.4,15:05.2,W 24 St & 7 Ave,6257.03,W 25 St & 6 Ave,6215.04,40.74487634,-73.99529885,40.74395411,-73.99144871,member
544969C5D72FEF59,electric_bike,08:08.6,24:43.8,Audubon Ave & W 179 St,8316.02,Popham Ave & W 174 St,8348.02,40.847305,-73.933291,40.847746,-73.922079,member
1D4E7D01318356E4,electric_bike,33:14.5,41:09.4,Madison Ave & E 99 St,7443.01,Mt Morris Park W & W 120 St,7685.14,40.78948541553215,-73.95242929,40.804038,-73.945925,member
1E696D2D8B20B35B,classic_bike,29:29.6,35:42.2,Butler St & Court St,4339.01,St Marks Pl & 4 Ave,4249.01,40.6849894,-73.99440329,40.68197,-73.98034,casual
E3691204A6F4BE72,electric_bike,10:49.1,14:45.9,1 Ave & E 110 St,7522.02,2 Ave & E 125 St,7648.16,40.7923272,-73.9383,40.802554,-73.933509,member
4C705960B868AE6C,electric_bike,21:06.0,34:13.8,West End Ave & W 107 St,7650.05,2 Ave & E 125 St,7648.16,40.8021174,-73.96818053,40.802554,-73.933509,member
FD75BA227ECB87F9,classic_bike,52:45.9,13:35.1,E 48 St & 5 Ave,6626.01,W 33 St & 10 Ave,6492.04,40.75724567911726,-73.97805914,40.753773368360385,-73.999376,casual
709A98CFF7CB3D48,electric_bike,58:51.6,17:24.3,Columbia St & Kane St,4422.05,Putnam Ave & Nostrand Ave,4327.09,40.68763155,-74.0016256,40.68402,-73.94977,member
5557C0488E9F6787,classic_bike,49:47.2,52:51.7,Frederick Douglass Blvd & W 145 St,7954.12,Edgecombe Ave & W 141 St,7915.11,40.823061,-73.941928,40.820681,-73.945144,member
AEB41F03B032E4AC,electric_bike,08:45.4,12:00.6,Butler St & Court St,4339.01,Montague St & Clinton St,4677.06,40.6849894,-73.99440329,40.6942715,-73.9923272,member
0329EE3C321CA8DA,classic_bike,59:22.3,05:10.8,Butler St & Court St,4339.01,Montague St & Clinton St,4677.06,40.6849894,-73.99440329,40.6942715,-73.9923272,member
A238B194AEB1FA18,electric_bike,22:38.3,32:06.4,Madison Ave & E 99 St,7443.01,W 113 St & Broadway,7713.01,40.78948541553215,-73.95242929,40.805973,-73.964928,casual
878E975BA4CB1BF4,electric_bike,23:36.4,33:55.7,W 24 St & 7 Ave,6257.03,Lexington Ave & E 26 St,6089.08,40.74487634,-73.99529885,40.741459,-73.983293,casual
713E592F26806B79,classic_bike,00:07.5,03:48.9,Rogers Ave & Lincoln Rd,3625.07,Rogers Ave & Lenox Rd,3400.04,40.66127,-73.95352,40.65378,-73.95273,member
9CD4E3E1D071FA76,classic_bike,23:44.7,36:56.8,W 54 St & 9 Ave,6920.05,W 29 St & 9 Ave,6416.06,40.76604,-73.98737,40.7500727,-73.99839279,member
64970A07370CA338,electric_bike,38:44.2,55:33.6,11 Ave & W 41 St,6726.01,W Broadway & Watts St,5569.07,40.76030096,-73.99884222,40.72323,-74.00314,member
E8E98303448D237A,classic_bike,29:47.0,35:05.2,E 13 St & 2 Ave,5820.08,E 1 St & Bowery,5636.13,40.73153937464073,-73.98530245,40.72486122254819,-73.99213135,member
3C822BC4753AA7FD,electric_bike,15:09.9,21:24.6,South End Ave & Albany St,5114.08,Broad St & Bridge St,4962.08,40.709957,-74.016538,40.70365182,-74.01167797,member
C6157AF2FBCC3039,classic_bike,40:03.9,48:08.1,Pitt St & Stanton St,5406.04,St Marks Pl & 2 Ave,5669.1,40.71926081,-73.98178024,40.7284186,-73.98713956,member
86FD4C85F15E3BC3,electric_bike,56:02.0,09:07.1,E 40 St & Park Ave,6432.11,E 1 St & Bowery,5636.13,40.750756,-73.978326,40.72486122254819,-73.99213135,casual
1263F4E3CEA2E252,electric_bike,56:21.5,08:56.9,E 40 St & Park Ave,6432.11,E 1 St & Bowery,5636.13,40.750756,-73.978326,40.72486122254819,-73.99213135,casual
A8A82BA2F0ACE54A,electric_bike,46:51.8,53:30.7,Nevins St & Schermerhorn St,4437.09,Prospect Pl & Underhill Ave,4116.08,40.68737247650719,-73.98176059,40.6769694,-73.96579,member
999F5676DFAE6E7D,electric_bike,10:40.0,14:27.6,2 Ave & E 99 St,7386.1,E 91 St & 2 Ave,7286.01,40.7862586,-73.94552579,40.78115276427915,-73.94963041,member
C26756DA9FE3AE9F,electric_bike,56:00.3,55:28.2,Wales Ave & E 147 St,7751.05,W Broadway & Watts St,5569.07,40.811314,-73.907729,40.72323,-74.00314,member
8ED1B4D3660680DE,electric_bike,51:01.2,00:30.8,Lafayette St & Grand St,5422.09,Maiden Ln & Pearl St,5065.1,40.72028,-73.99879,40.70706456,-74.00731853,member
72DB4B0A1D3CF6CA,classic_bike,56:09.4,14:51.3,Grand Army Plaza & Plaza St West,4010.15,Rogers Ave & Lenox Rd,3400.04,40.6729679,-73.97087984,40.65378,-73.95273,member
04D15F5ED5CBEE4F,electric_bike,23:45.2,27:01.4,92 St & 37 Ave,6433.01,84 St & Roosevelt Ave,6323.04,40.75085,-73.87509,40.74797,-73.88204,member
3C1796D0DBC5CB3C,electric_bike,44:38.2,10:07.2,E 63 St & 3 Ave,6830.02,88 St & Astoria Blvd,6848.04,40.763954,-73.9646,40.76424,-73.8812,member
389BA9E70616E4ED,electric_bike,48:25.4,02:45.1,Bank St & Washington St,5964.01,Broad St & Bridge St,4962.08,40.7361967,-74.00859207,40.70365182,-74.01167797,casual
1468564B38128486,electric_bike,36:00.6,44:55.5,5 Ave & W 126 St,7701.21,E 103 St & Lexington Ave,7463.09,40.80722,-73.9418,40.7903051,-73.94755757,casual
C11BBA01F94400BC,electric_bike,44:05.8,51:02.9,5 Ave & E 72 St,7100.07,W 52 St & 5 Ave,6700.01,40.77282817,-73.96685276,40.75992262,-73.97648516,member
3B16CBABEE071E77,classic_bike,40:47.1,50:55.8,5 St & 6 Ave,3874.01,Prospect Pl & Underhill Ave,4116.08,40.6704836,-73.98208968,40.6769694,-73.96579,casual
66D1BB86CB8797F2,classic_bike,20:18.9,21:35.0,Liberty St & Broadway,5105.01,Maiden Ln & Pearl St,5065.1,40.70905623,-74.01043382,40.70706456,-74.00731853,member
B743E4C69D131B62,classic_bike,20:11.7,34:08.7,E 17 St & 2 Ave,5896.01,E 1 St & Bowery,5636.13,40.73431166276575,-73.98372531,40.72486122254819,-73.99213135,member
7C300F995B778879,electric_bike,48:51.6,59:10.8,W 56 St & 6 Ave,6809.07,W 76 St & Columbus Ave,7281.09,40.76340613,-73.97722479,40.78018397,-73.97728533,member
386CD70EDA984E4E,electric_bike,36:38.9,51:14.0,E 54 St & 1 Ave,6608.09,St Marks Pl & 2 Ave,5669.1,40.756265,-73.964179,40.7284186,-73.98713956,casual
2CDE85A4E619F47F,classic_bike,02:56.6,17:37.2,Bank St & Washington St,5964.01,St Marks Pl & 2 Ave,5669.1,40.7361967,-74.00859207,40.7284186,-73.98713956,member
F9F9FE40623B59EA,electric_bike,44:29.0,57:57.9,E 54 St & 1 Ave,6608.09,E 91 St & 2 Ave,7286.01,40.756265,-73.964179,40.78115276427915,-73.94963041,member
AFF524CD1CBE533F,electric_bike,08:39.1,23:39.3,E 54 St & 1 Ave,6608.09,E 1 St & Bowery,5636.13,40.756265,-73.964179,40.72486122254819,-73.99213135,member
EE060C268ADC5359,electric_bike,19:05.5,20:46.8,Liberty St & Broadway,5105.01,Maiden Ln & Pearl St,5065.1,40.70905623,-74.01043382,40.70706456,-74.00731853,member
F232A4A4EFCCB6D9,electric_bike,08:29.1,11:06.0,Liberty St & Broadway,5105.01,Pearl St & Hanover Square,4993.02,40.70905623,-74.01043382,40.7047177,-74.00926027,member
B330190D50359A08,electric_bike,19:02.0,24:41.6,W 15 St & 6 Ave,5989.02,St Marks Pl & 2 Ave,5669.1,40.738046142482766,-73.99642959,40.7284186,-73.98713956,member
CD74658A746657D2,electric_bike,01:01.2,19:22.0,5 Ave & E 72 St,7100.07,W 29 St & 9 Ave,6416.06,40.77282817,-73.96685276,40.7500727,-73.99839279,member
F89644A20F6EF0BD,electric_bike,14:42.8,24:07.7,Greenwich St & Perry St,5922.04,W Broadway & Watts St,5569.07,40.73498,-74.00697,40.72323,-74.00314,member
CF4F62C26EB99DB3,classic_bike,35:32.6,44:15.4,Greenwich St & Perry St,5922.04,W Broadway & Watts St,5569.07,40.73498,-74.00697,40.72323,-74.00314,member
29BAB240103D22F9,electric_bike,55:44.9,02:53.8,Greenwich St & Perry St,5922.04,St Marks Pl & 2 Ave,5669.1,40.73498,-74.00697,40.7284186,-73.98713956,member
6154BBA4E65F661B,electric_bike,12:27.3,18:47.5,Pierrepont St & Monroe Pl,4718.08,Willoughby St & Ashland Pl,4587.02,40.69535693320225,-73.99344027,40.69178,-73.97877,member
0C36B73267C2CF04,electric_bike,59:32.3,03:54.8,Columbus Ave & W 72 St,7175.05,W 76 St & Columbus Ave,7281.09,40.7770575,-73.97898475,40.78018397,-73.97728533,member
BDE368B384ADC463,electric_bike,25:34.7,40:10.5,Columbus Ave & W 72 St,7175.05,Columbus Ave & W 103 St,7595.17,40.7770575,-73.97898475,40.7969347,-73.96434123,member
3310D46E4EBE0D09,classic_bike,01:26.8,06:52.7,E 78 St & 2 Ave,7057.07,E 91 St & 2 Ave,7286.01,40.7727966,-73.95577801,40.78115276427915,-73.94963041,member
BA8373D405EC299D,classic_bike,50:32.2,52:32.5,Columbia St & Kane St,4422.05,Atlantic Ave & Furman St,4614.04,40.68763155,-74.0016256,40.69165183,-73.9999786,member
1788AFB794B01AE9,electric_bike,26:18.3,33:08.1,Madison Ave & E 99 St,7443.01,5 Ave & E 72 St,7100.07,40.78948541553215,-73.95242929,40.77282817,-73.96685276,casual
50B3B9B0F31B8B02,electric_bike,43:49.4,56:52.6,E 48 St & 5 Ave,6626.01,Central Park West & W 85 St,7354.01,40.75724567911726,-73.97805914,40.78476,-73.969862,member
860C111A84F4F19A,electric_bike,32:27.7,36:25.3,W 24 St & 7 Ave,6257.03,W 15 St & 6 Ave,5989.02,40.74487634,-73.99529885,40.738046142482766,-73.99642959,casual
092CB6E06691BA96,electric_bike,05:55.3,09:23.2,W 24 St & 7 Ave,6257.03,W 15 St & 6 Ave,5989.02,40.74487634,-73.99529885,40.738046142482766,-73.99642959,member
AB9D6BB708D8AE4A,electric_bike,28:43.4,34:43.2,Madison Ave & E 99 St,7443.01,5 Ave & W 126 St,7701.21,40.78948541553215,-73.95242929,40.80722,-73.9418,member
1376E40CD898C9F0,classic_bike,42:23.6,47:30.7,E 11 St & Ave B,5659.11,E 11 St & 3 Ave,5788.16,40.72746420692392,-73.97950418,40.73127,-73.98849,member
4B8EFC8320FC57BD,electric_bike,38:59.8,45:24.3,W 24 St & 7 Ave,6257.03,E 11 St & 3 Ave,5788.16,40.74487634,-73.99529885,40.73127,-73.98849,member
ECDE54087B6007F6,electric_bike,50:36.5,59:21.5,Butler St & Court St,4339.01,Hanson Pl & Ashland Pl,4395.07,40.6849894,-73.99440329,40.68506807308177,-73.9779076,member
9FA65A028866EF95,electric_bike,59:06.7,05:58.6,W 24 St & 7 Ave,6257.03,2 Ave & E 29 St,6122.09,40.74487634,-73.99529885,40.741723510974715,-73.97809267,casual
28488FB8D20256F0,electric_bike,53:34.7,04:31.3,W 54 St & 6 Ave,6771.13,E 33 St & 5 Ave,6322.01,40.761865,-73.977242,40.74765947,-73.98490707,casual
7AE8D13D44EFC78B,electric_bike,54:22.6,57:47.3,E 11 St & Ave B,5659.11,E 11 St & 3 Ave,5788.16,40.72746420692392,-73.97950418,40.73127,-73.98849,member
32619488C999FB3E,classic_bike,29:39.6,33:42.5,E 11 St & Ave B,5659.11,E 11 St & 3 Ave,5788.16,40.72746420692392,-73.97950418,40.73127,-73.98849,member
90D4368B19CCA5BA,classic_bike,44:30.4,48:49.6,E 11 St & Ave B,5659.11,E 11 St & 3 Ave,5788.16,40.72746420692392,-73.97950418,40.73127,-73.98849,member
77506A012B88FA35,classic_bike,34:09.0,38:56.6,W 24 St & 7 Ave,6257.03,W 15 St & 7 Ave,6030.06,40.74487634,-73.99529885,40.73935542,-73.99931783,member
5AAB1A14305AFB3C,electric_bike,07:36.0,11:00.9,E 11 St & Ave B,5659.11,E 11 St & 3 Ave,5788.16,40.72746420692392,-73.97950418,40.73127,-73.98849,member
3CF853EA02849153,electric_bike,52:54.9,55:33.5,E 11 St & Ave B,5659.11,E 11 St & 3 Ave,5788.16,40.72746420692392,-73.97950418,40.73127,-73.98849,member
CAE14024FC412361,classic_bike,05:10.4,14:42.4,E 48 St & 5 Ave,6626.01,2 Ave & E 29 St,6122.09,40.75724567911726,-73.97805914,40.741723510974715,-73.97809267,member
D45CDB0639A1560B,classic_bike,03:32.3,34:45.1,Cortelyou Rd & Albany Ave,3121.01,Hanson Pl & Ashland Pl,4395.07,40.64483,-73.93853,40.68506807308177,-73.9779076,member
6F2D3F29D945EBFB,electric_bike,50:43.0,55:51.5,W 24 St & 7 Ave,6257.03,W 15 St & 7 Ave,6030.06,40.74487634,-73.99529885,40.73935542,-73.99931783,member
C255E7562A8AD5C6,electric_bike,25:54.9,43:29.2,Kent St & McGuinness Blvd,5785.1,E 74 St & 1 Ave,6953.08,40.73124,-73.95161,40.7689738,-73.95482273,member
F42C8882EA076E57,electric_bike,22:56.3,25:55.2,31 St & Broadway,6789.2,31 Ave & Steinway St,6782.01,40.76211,-73.92523,40.7611488,-73.9170071,member
0B376CDCB22893AE,electric_bike,52:29.8,55:02.0,Bedford Ave & Nassau Ave,5550.05,Bayard St & Leonard St,5442.05,40.72311651,-73.95212324,40.71915571696044,-73.94885391,member
EB48C1DDA0CC8F58,electric_bike,19:44.0,28:18.5,E 106 St & 1 Ave,7456.03,E 88 St & 1 Ave,7235.13,40.7892529,-73.93956237,40.778301,-73.9488134,member
1D205641DB71FB6E,classic_bike,26:41.2,30:31.1,Bedford Ave & Nassau Ave,5550.05,Bayard St & Leonard St,5442.05,40.72311651,-73.95212324,40.71915571696044,-73.94885391,member
A14E1C47C0B90443,classic_bike,02:30.7,25:55.5,Pacific St & Smith St,4446.03,Front St & Jay St,4895.03,40.687880939612775,-73.98939282,40.702461,-73.986842,member
AD91B95ABE26A990,electric_bike,52:12.6,04:07.3,Irving Ave & Harman St,4856.05,Bayard St & Leonard St,5442.05,40.70108,-73.9179,40.71915571696044,-73.94885391,member
9F0D0C46CD97D3B2,electric_bike,18:16.3,28:18.7,Wales Ave & E 147 St,7751.05,Morris Ave & E 153 St,7901.04,40.811314,-73.907729,40.820036,-73.921411,casual
02DD08E50BA6E22F,electric_bike,32:33.6,23:07.4,E 43 St & Madison Ave,6551.11,,,40.75354681867074,-73.97896573,40.76,-73.99,member
262CCA2A397C7EA5,electric_bike,33:11.6,36:26.3,Frederick Douglass Blvd & W 117 St,7688.12,St Nicholas Ave & W 126 St,7756.1,40.805159,-73.954692,40.8114323,-73.9518776,member
C66B895F6F4CCB06,electric_bike,44:31.7,11:44.7,Frederick Douglass Blvd & W 117 St,7688.12,,,40.805159,-73.954692,40.81,-73.96,member
5790448C2A93E0CC,electric_bike,53:17.1,45:57.0,Lenox Ave & W 117 St,7655.22,,,40.8025566,-73.9490782,40.81,-73.95,member
0B486D2AF29A4D1F,classic_bike,44:56.8,51:03.5,Lenox Ave & W 130 St,7753.13,St Nicholas Ave & W 126 St,7756.1,40.8107922,-73.9430681,40.8114323,-73.9518776,member
85C9BF23C74434BB,electric_bike,37:16.1,50:38.3,33 St & Queens Blvd,6185.07,E 45 St & 3 Ave,6464.08,40.74436532,-73.93172398,40.75255434,-73.97282625,member
D54C9DF84E37EB2F,electric_bike,43:53.9,46:00.0,Adam Clayton Powell Blvd & W 126 St,7738.04,,,40.809495347779475,-73.94776493,40.81,-73.95,member
C747CDB4C23420C3,electric_bike,56:17.6,00:59.3,Lenox Ave & W 117 St,7655.22,,,40.8025566,-73.9490782,40.81,-73.95,member
480C56CE74876CF6,electric_bike,09:09.7,15:44.5,Adam Clayton Powell Blvd & W 126 St,7738.04,,,40.809495347779475,-73.94776493,40.81,-73.96,member
8E200B93195E9BFD,electric_bike,28:32.7,48:54.4,W 20 St & 10 Ave,6306.01,E 74 St & 1 Ave,6953.08,40.745686,-74.005141,40.7689738,-73.95482273,member
50299ED4B6B7BE03,electric_bike,12:16.0,19:46.6,Greene St & Prince St,5602.06,W 10 St & Washington St,5847.06,40.72511734422387,-73.99930492,40.73342399437081,-74.00851496,member
2A7D4FAF9AAE5A79,electric_bike,52:31.1,03:01.0,E 35 St & Madison Ave,6398.08,E 74 St & 1 Ave,6953.08,40.74848023448579,-73.98255587,40.7689738,-73.95482273,member
2557F4890D7657E4,classic_bike,30:32.2,32:27.0,Eastern Pkwy & Schenectady Ave,3893.03,Eastern Pkwy & Troy Ave,3862.07,40.66876,-73.93376,40.66929,-73.93679,member
8F24487BA734CE11,electric_bike,35:43.0,43:29.8,Broadway & Moylan Pl,7823.03,St Nicholas Terrace & Convent Ave,7937.15,40.8143256,-73.9590255,40.821294,-73.947868,member
B5EBACDA89F54C9F,electric_bike,24:36.4,28:10.1,Nassau St & Duffield St,4781.05,Front St & Jay St,4895.03,40.698477,-73.98384,40.702461,-73.986842,member
7EE0E921DC7A0D8A,classic_bike,31:35.8,36:28.1,E 77 St & 1 Ave,7020.02,E 88 St & 1 Ave,7235.13,40.77095553869235,-73.95356208,40.778301,-73.9488134,member
02B458FC8B62173A,electric_bike,07:47.8,13:54.9,Broadway & Moylan Pl,7823.03,St Nicholas Terrace & Convent Ave,7937.15,40.8143256,-73.9590255,40.821294,-73.947868,member
D7E97D23ECCEB806,electric_bike,19:34.2,25:44.6,21 St & Hoyt Ave S,7126.01,31 Ave & Steinway St,6782.01,40.774645,-73.923706,40.7611488,-73.9170071,member
C9FD85E3C2ABFDBA,classic_bike,52:32.8,54:10.7,E 77 St & 1 Ave,7020.02,E 74 St & 1 Ave,6953.08,40.77095553869235,-73.95356208,40.7689738,-73.95482273,member
8EB515BF87072DEB,electric_bike,31:14.0,36:07.9,Henry St & Remsen St,4645.04,Front St & Jay St,4895.03,40.69400964865994,-73.99465129,40.702461,-73.986842,member
13DF99FD366EA02B,electric_bike,45:17.9,47:55.4,E 77 St & 1 Ave,7020.02,E 88 St & 1 Ave,7235.13,40.77095553869235,-73.95356208,40.778301,-73.9488134,member
5160CBCF002F5FCE,electric_bike,43:21.4,46:13.0,E 77 St & 1 Ave,7020.02,E 88 St & 1 Ave,7235.13,40.77095553869235,-73.95356208,40.778301,-73.9488134,member
6C43DDB0DB766759,electric_bike,10:43.0,18:12.1,E 77 St & 1 Ave,7020.02,E 88 St & 1 Ave,7235.13,40.77095553869235,-73.95356208,40.778301,-73.9488134,member
40BDC0ED77FBC58C,classic_bike,31:04.4,36:15.4,Pierrepont St & Monroe Pl,4718.08,Dock St & Front St,4903.09,40.69535693320225,-73.99344027,40.702709,-73.99253,member
4D193FF22D355A42,electric_bike,15:13.6,21:22.1,Columbus Ave & W 72 St,7175.05,E 74 St & 1 Ave,6953.08,40.7770575,-73.97898475,40.7689738,-73.95482273,member
86CB46B6BFAE8283,classic_bike,21:25.1,25:03.6,E 78 St & 2 Ave,7057.07,E 74 St & 1 Ave,6953.08,40.7727966,-73.95577801,40.7689738,-73.95482273,member
CD63A0B107C65975,classic_bike,46:53.2,58:06.5,Columbus Ave & W 72 St,7175.05,E 74 St & 1 Ave,6953.08,40.7770575,-73.97898475,40.7689738,-73.95482273,member
B52AF76DDB67FD8B,electric_bike,40:02.0,41:25.9,Bank St & Washington St,5964.01,W 10 St & Washington St,5847.06,40.7361967,-74.00859207,40.73342399437081,-74.00851496,member
80D0D2F64FEF764B,classic_bike,45:22.3,07:40.0,5 Ave & E 72 St,7100.07,Adam Clayton Powell Blvd & W 118 St,7670.09,40.77282817,-73.96685276,40.804372,-73.951475,member
0FDDD162558BD7FB,classic_bike,50:59.1,55:00.5,5 Ave & W 126 St,7701.21,St Nicholas Ave & W 126 St,7756.1,40.80722,-73.9418,40.8114323,-73.9518776,member
459D4C48046E16DC,classic_bike,21:16.3,37:02.0,Central Park West & W 85 St,7354.01,Adam Clayton Powell Blvd & W 118 St,7670.09,40.78476,-73.969862,40.804372,-73.951475,member
3A0A0BED03EBC67A,electric_bike,50:57.3,56:17.1,E 63 St & 3 Ave,6830.02,E 80 St & 2 Ave,7121.02,40.763954,-73.9646,40.77391390238118,-73.95439535,member
B03CB7A20A519343,electric_bike,34:07.8,38:44.1,Bushwick Ave & Dekalb Ave,4680.05,Hart St & Wyckoff Ave,4971.01,40.69502,-73.92825,40.704876,-73.919911,member
033D2C5B2150091B,electric_bike,58:49.9,06:42.2,E 58 St & 3 Ave,6762.02,E 80 St & 2 Ave,7121.02,40.76095756,-73.96724467,40.77391390238118,-73.95439535,member
6780CB5569E1FFE7,electric_bike,29:07.6,36:34.4,E 63 St & 3 Ave,6830.02,E 45 St & 3 Ave,6464.08,40.763954,-73.9646,40.75255434,-73.97282625,member
58E12E6DF4DC8A69,electric_bike,19:33.8,36:31.9,W 48 St &  Rockefeller Plaza,6626.11,E 80 St & 2 Ave,7121.02,40.75776935448309,-73.9792943,40.77391390238118,-73.95439535,member
9C6F4D66EF5642C5,electric_bike,35:48.6,43:02.0,E 54 St & 1 Ave,6608.09,E 80 St & 2 Ave,7121.02,40.756265,-73.964179,40.77391390238118,-73.95439535,member
00AF90ABEC5256BB,electric_bike,27:09.1,30:05.6,5 Ave & W 126 St,7701.21,,,40.80722,-73.9418,40.81,-73.95,member
9A3BE8670BE06EAE,classic_bike,12:52.1,17:48.9,48 St & Broadway,6629.06,31 Ave & Steinway St,6782.01,40.755763,-73.912715,40.7611488,-73.9170071,member
1069CB405EA267D5,electric_bike,47:31.0,51:17.6,Frederick Douglass Blvd & W 145 St,7954.12,,,40.823061,-73.941928,40.83,-73.94,casual
D12D1E65EF6F8F1E,electric_bike,09:27.3,17:21.2,Columbia St & Kane St,4422.05,Dock St & Front St,4903.09,40.68763155,-74.0016256,40.702709,-73.99253,member
0E13A3AD68DA60EE,electric_bike,57:14.2,06:12.5,E 48 St & 5 Ave,6626.01,E 45 St & 3 Ave,6464.08,40.75724567911726,-73.97805914,40.75255434,-73.97282625,member
8E7267657AE17760,electric_bike,36:02.8,59:16.3,W 24 St & 7 Ave,6257.03,E 74 St & 1 Ave,6953.08,40.74487634,-73.99529885,40.7689738,-73.95482273,member
C4AE4861C5CC5944,electric_bike,14:06.3,21:15.3,Madison Ave & E 99 St,7443.01,E 88 St & 1 Ave,7235.13,40.78948541553215,-73.95242929,40.778301,-73.9488134,member
91C65186AA5308CD,electric_bike,03:27.4,09:34.4,Madison Ave & E 99 St,7443.01,Adam Clayton Powell Blvd & W 118 St,7670.09,40.78948541553215,-73.95242929,40.804372,-73.951475,member
1DC0F012FDC66EC2,electric_bike,57:09.5,05:29.1,1 Ave & E 110 St,7522.02,E 74 St & 1 Ave,6953.08,40.7923272,-73.9383,40.7689738,-73.95482273,member
865BF3B325F39CB5,electric_bike,51:54.2,53:49.6,Melrose Ave & E 154 St,7918.12,Morris Ave & E 153 St,7901.04,40.819609,-73.916071,40.820036,-73.921411,member
CC94107FE6CFD3D9,electric_bike,19:38.2,26:01.8,West End Ave & W 107 St,7650.05,St Nicholas Ave & W 126 St,7756.1,40.8021174,-73.96818053,40.8114323,-73.9518776,member
CC479E71D1B72A77,electric_bike,28:22.9,33:03.2,Crescent St & Broadway,6827.11,31 Ave & Steinway St,6782.01,40.7633589,-73.9286471,40.7611488,-73.9170071,member
224B48F2910E6189,electric_bike,44:41.5,46:18.8,108 St & 39 Ave,6490.02,34 Ave & 108 St,6609.03,40.75165,-73.85915,40.75614,-73.86084,member
AB819895ABC003E6,electric_bike,49:27.5,52:25.8,Adam Clayton Powell Blvd & W 126 St,7738.04,Lenox Ave & W 117 St,7655.22,40.809495347779475,-73.94776493,40.8025566,-73.9490782,member
B1760FDFC36AEED2,electric_bike,20:35.8,28:49.7,60 Pl & Bleecker St,5138.03,60 Pl & Bleecker St,5138.03,40.71107,-73.903,40.71107,-73.903,member
70FAF407064A931F,electric_bike,04:35.6,08:29.7,3 St & 7 Ave,3905.15,3 St & 7 Ave,3905.15,40.6703837,-73.97839676,40.6703837,-73.97839676,member
BCB345E5041B83DC,electric_bike,07:22.7,10:41.1,Lenox Ave & W 117 St,7655.22,Adam Clayton Powell Blvd & W 126 St,7738.04,40.8025566,-73.9490782,40.809495347779475,-73.94776493,member
2FEDE09810B648CB,electric_bike,06:48.8,15:09.5,Grand Army Plaza & Plaza St West,4010.15,Grand Army Plaza & Plaza St West,4010.15,40.6729679,-73.97087984,40.6729679,-73.97087984,member
C0BB7E233465F222,electric_bike,40:49.7,49:53.0,Prospect Ave & Longwood Ave,7870.02,Prospect Ave & Longwood Ave,7870.02,40.81899,-73.90202,40.81899,-73.90202,member
3400344D0C3BD184,electric_bike,52:46.1,58:45.3,Columbia St & Kane St,4422.05,Fulton St & Adams St,4637.06,40.68763155,-74.0016256,40.692418292578466,-73.98949474,casual
77D4BA1697FB1A3C,classic_bike,39:11.0,48:45.2,Frederick Douglass Blvd & W 145 St,7954.12,Adam Clayton Powell Blvd & W 126 St,7738.04,40.823061,-73.941928,40.809495347779475,-73.94776493,member
DB07B8604358C2D6,electric_bike,12:42.6,17:16.7,108 St & 39 Ave,6490.02,99 St & 32 Ave,6660.05,40.75165,-73.85915,40.75896,-73.86976,member
74DBA42DE66D0C56,electric_bike,36:22.3,41:06.6,Madison Ave & E 99 St,7443.01,Lenox Ave & W 117 St,7655.22,40.78948541553215,-73.95242929,40.8025566,-73.9490782,member
B339368E1D8D3E36,electric_bike,14:52.1,22:53.1,Butler St & Court St,4339.01,Fulton St & Adams St,4637.06,40.6849894,-73.99440329,40.692418292578466,-73.98949474,member
8B8583B1908FDAB5,classic_bike,50:18.7,18:17.7,Clinton St & Union St,4266.03,41 St & 4 Ave,3347.03,40.6831164,-73.99785267,40.651354,-74.007168,member
EB322069B40ABB11,electric_bike,14:38.7,23:07.8,Bank St & Washington St,5964.01,Church St & Worth St,5359.13,40.7361967,-74.00859207,40.71688538495366,-74.00650129,casual
42076EB494C4A0FC,electric_bike,43:38.6,55:11.5,5 Ave & E 72 St,7100.07,5 Ave & E 63 St,6904.06,40.77282817,-73.96685276,40.766368,-73.971518,casual
4E5E33F37EC03B66,electric_bike,32:32.4,35:02.4,Hicks St & Montague St,4645.09,Fulton St & Adams St,4637.06,40.69512845,-73.99595065,40.692418292578466,-73.98949474,casual
17BC8E26E2AF48E0,electric_bike,48:55.4,56:50.4,Bank St & Washington St,5964.01,Church St & Worth St,5359.13,40.7361967,-74.00859207,40.71688538495366,-74.00650129,member
41A7725DB1E853D0,electric_bike,48:23.9,00:43.2,5 Ave & E 72 St,7100.07,5 Ave & E 63 St,6904.06,40.77282817,-73.96685276,40.766368,-73.971518,member
63E1A92995BD6E29,electric_bike,39:12.3,56:17.0,21 Ave & Crescent St,7284.01,33 St & Queens Blvd,6185.07,40.780478,-73.912212,40.74436532,-73.93172398,member
5E7885BFA0B6A02D,classic_bike,37:50.0,01:20.1,Bushwick Ave & Dekalb Ave,4680.05,Fulton St & Adams St,4637.06,40.69502,-73.92825,40.692418292578466,-73.98949474,member
D5E5355CC624AB1B,electric_bike,45:33.9,52:34.9,Liberty St & Broadway,5105.01,Lafayette St & Grand St,5422.09,40.70905623,-74.01043382,40.72028,-73.99879,member
171830D3F76B2DB7,electric_bike,50:05.3,03:45.5,Atlantic Ave & Furman St,4614.04,3 St & 7 Ave,3905.15,40.69165183,-73.9999786,40.6703837,-73.97839676,member
016D32BB10265A28,electric_bike,54:46.9,58:13.2,67 Ave & Fresh Pond Rd,5057.07,60 Pl & Bleecker St,5138.03,40.70575,-73.89676,40.71107,-73.903,member
1197743007D51169,classic_bike,57:38.1,11:19.5,DeKalb Ave & Franklin Ave,4528.01,Fulton St & Adams St,4637.06,40.69064807082943,-73.95746179,40.692418292578466,-73.98949474,member
3721513243CAA8FC,electric_bike,26:30.8,28:00.2,Pierrepont St & Monroe Pl,4718.08,Fulton St & Adams St,4637.06,40.69535693320225,-73.99344027,40.692418292578466,-73.98949474,member
90490F6669601C28,classic_bike,46:32.4,19:42.2,Hudson St & N Moore St,5470.13,Lafayette St & Grand St,5422.09,40.719888,-74.00862694,40.72028,-73.99879,member
5DD0CDDF6DBB1CCA,electric_bike,14:22.0,17:55.1,W 24 St & 7 Ave,6257.03,W 20 St & 10 Ave,6306.01,40.74487634,-73.99529885,40.745686,-74.005141,member
EF1DE2D4141C3CD6,electric_bike,44:09.4,50:53.8,Melrose Ave & E 154 St,7918.12,Jerome Ave & Anderson Ave,8061.01,40.819609,-73.916071,40.830179,-73.928747,member
22DAFB863F51BB9E,electric_bike,42:33.7,56:38.2,W 54 St & 6 Ave,6771.13,E 85 St & York Ave,7146.04,40.761865,-73.977242,40.77536905,-73.94803392,member
8DEA5F03B104E4C4,electric_bike,03:32.3,11:10.4,E 48 St & 5 Ave,6626.01,E 66 St & Madison Ave,6969.08,40.75724567911726,-73.97805914,40.76800889305947,-73.96845281,member
95177DEE7B4090A5,electric_bike,15:30.2,26:51.8,West End Ave & W 107 St,7650.05,W 84 St & Amsterdam Ave,7409.04,40.8021174,-73.96818053,40.78621,-73.9756,casual
F8EAD324D58E62F3,electric_bike,24:19.5,32:31.0,West End Ave & W 107 St,7650.05,W 84 St & Amsterdam Ave,7409.04,40.8021174,-73.96818053,40.78621,-73.9756,member
7417CFFB013D00D8,electric_bike,31:38.2,38:17.7,Frederick Douglass Blvd & W 145 St,7954.12,E 157 St & River Ave,8005.03,40.823061,-73.941928,40.825737,-73.927311,member
922C01BF77642300,classic_bike,19:43.7,34:27.1,W 24 St & 7 Ave,6257.03,6 Ave & Broome St,5610.09,40.74487634,-73.99529885,40.72431,-74.00473,member
4FFE02B284182AD0,electric_bike,05:00.2,25:28.8,Nevins St & Schermerhorn St,4437.09,Metropolitan Ave & Flushing Ave,5225.04,40.68737247650719,-73.98176059,40.71334,-73.91572,member
A36861CB0838FE38,classic_bike,16:30.6,25:03.6,Vernon Blvd & 31 Ave,7003.06,35 St & Broadway,6750.16,40.7692475,-73.9354504,40.760339,-73.9222427,member
C709204E02E40A43,classic_bike,46:13.2,52:26.8,Rogers Ave & Lincoln Rd,3625.07,New York Ave & Hawthorne St,3504.02,40.66127,-73.95352,40.65794,-73.94735,member
ACF112A98C23FA08,electric_bike,33:48.7,49:07.3,Central Park S & Grand Army Plaza,6839.15,West End Ave & W 94 St,7524.09,40.764555,-73.973473,40.7941654,-73.974124,casual
AEA9462FE7BC53B2,electric_bike,28:21.2,35:18.9,43 Ave & 40 St,6292.03,35 Ave & 37 St,6563.12,40.74562,-73.92402,40.7557327,-73.9236611,casual
64A923ED9EAF48DE,electric_bike,03:02.5,05:27.1,Willoughby Ave & Myrtle Ave,4759.02,Central Ave & Melrose St,4832.07,40.69757,-73.93098,40.70112,-73.93039,member
F21C58F28BAA01FD,classic_bike,45:14.6,49:32.2,31 St & Broadway,6789.2,Steinway St & Broadway,6711.13,40.76211,-73.92523,40.75905795418586,-73.91897544,member
FA35DEB14A5B6D47,classic_bike,15:06.3,20:33.4,W 20 St & 10 Ave,6306.01,W 25 St & 9 Ave,6339.06,40.745686,-74.005141,40.747832605837715,-74.00057226,member
255CD20D18E77CEF,electric_bike,24:47.0,27:32.0,Crescent St & 34 Ave,6759.15,35 Ave & 37 St,6563.12,40.76108,-73.930562,40.7557327,-73.9236611,member
AA70AA6A65A4A0C3,electric_bike,44:58.0,55:14.2,E 77 St & 1 Ave,7020.02,E 58 St & Madison Ave,6839.04,40.77095553869235,-73.95356208,40.76302594280519,-73.97209525,member
82C1CD9E0D9F3467,electric_bike,21:17.1,36:48.6,Canal St & Rutgers St,5303.08,Graham Ave & Conselyea St,5291.05,40.71427487,-73.98990025,40.715143,-73.944507,member
750EA8E19BCCECE2,electric_bike,24:21.3,35:19.5,Amsterdam Ave & W 79 St,7311.02,E 75 St & 3 Ave,6991.12,40.7829391,-73.9786517,40.77112927,-73.95772297,member
9A1D3F186F425CD2,electric_bike,03:40.3,12:50.2,Central Park West & W 85 St,7354.01,E 58 St & Madison Ave,6839.04,40.78476,-73.969862,40.76302594280519,-73.97209525,member
81975E0E93F99AB6,classic_bike,45:52.8,55:49.1,W 56 St & 6 Ave,6809.07,E 75 St & 3 Ave,6991.12,40.76340613,-73.97722479,40.77112927,-73.95772297,member
83049898DAC9BDAA,electric_bike,21:29.8,27:01.5,E 58 St & 3 Ave,6762.02,E 75 St & 3 Ave,6991.12,40.76095756,-73.96724467,40.77112927,-73.95772297,member
C45CCA4D3D1091DC,electric_bike,20:36.6,34:05.3,Amsterdam Ave & W 79 St,7311.02,Madison Ave & E 51 St,6659.09,40.7829391,-73.9786517,40.75863,-73.97513,member
47982AA20756A6D0,electric_bike,56:04.1,02:50.5,Myrtle Ave & Lewis Ave,4729.01,Willoughby Ave & Onderdonk Ave,5115.05,40.69681963,-73.93756926,40.7098,-73.91727,member
7F5046F1008908D0,electric_bike,31:55.0,38:48.2,E 54 St & 1 Ave,6608.09,E 75 St & 3 Ave,6991.12,40.756265,-73.964179,40.77112927,-73.95772297,member
A9BE3E3E08ABE1BD,classic_bike,03:18.4,09:37.0,Myrtle Ave & Lewis Ave,4729.01,Irving Ave & Jefferson St,5051.02,40.69681963,-73.93756926,40.70538,-73.92535,member
6AAEBB1E22A2C071,electric_bike,18:44.3,20:43.9,W 56 St & 6 Ave,6809.07,E 58 St & Madison Ave,6839.04,40.76340613,-73.97722479,40.76302594280519,-73.97209525,member
05EC8CB4F2A31E3E,electric_bike,16:10.5,25:55.4,W 100 St & Manhattan Ave,7538.14,E 75 St & 3 Ave,6991.12,40.795,-73.9645,40.77112927,-73.95772297,member
6B4FC270ED5D2E80,electric_bike,21:42.2,27:40.0,Greenwich St & Perry St,5922.04,W 25 St & 9 Ave,6339.06,40.73498,-74.00697,40.747832605837715,-74.00057226,member
098AD551CEE3C320,classic_bike,56:19.1,58:48.9,Withers St & Kingsland Ave,5362.08,Graham Ave & Conselyea St,5291.05,40.71773,-73.94051,40.715143,-73.944507,member
B46F16443A7C74A0,classic_bike,02:10.0,21:09.0,Columbus Ave & W 72 St,7175.05,West End Ave & W 94 St,7524.09,40.7770575,-73.97898475,40.7941654,-73.974124,member
9B02864721EE2E95,electric_bike,09:51.4,14:05.7,W 24 St & 7 Ave,6257.03,W 25 St & 9 Ave,6339.06,40.74487634,-73.99529885,40.747832605837715,-74.00057226,casual
C621DDF87675C051,electric_bike,58:39.7,06:15.7,Columbia St & W 9 St,4086.05,16 St & 4 Ave,3811.05,40.6769993,-74.00647134,40.666197,-73.992466,casual
E96AAF1EE8600D5C,electric_bike,21:38.6,39:19.4,Morris Ave & E 142 St,7821.01,E 75 St & 3 Ave,6991.12,40.814469,-73.924963,40.77112927,-73.95772297,member
DDED5DF8CD0600FF,electric_bike,08:59.0,13:33.1,Crescent St & Broadway,6827.11,Steinway St & Broadway,6711.13,40.7633589,-73.9286471,40.75905795418586,-73.91897544,member
F662D64F79186F01,classic_bike,38:32.2,41:06.2,Frederick Douglass Blvd & W 145 St,7954.12,Frederick Douglass Blvd & W 139 St,7876.07,40.823061,-73.941928,40.81900581806558,-73.94476891,member
150F5C2B5E6DBAB3,classic_bike,01:11.0,04:34.7,Frederick Douglass Blvd & W 145 St,7954.12,Frederick Douglass Blvd & W 139 St,7876.07,40.823061,-73.941928,40.81900581806558,-73.94476891,member
438A7C46D5845B81,classic_bike,47:39.5,55:30.4,Audubon Ave & W 179 St,8316.02,University Ave & Macombs Rd,8344.09,40.847305,-73.933291,40.8496401,-73.9161206,member
4EDAA3433DF8EA9B,classic_bike,04:23.8,08:41.9,Madison St & Seneca Ave,4880.11,Harman St & Seneca Ave,5002.09,40.70183,-73.90625,40.70577,-73.91292,member
C174C82BA1DF4791,electric_bike,55:37.5,59:11.7,E 48 St & 5 Ave,6626.01,E 58 St & Madison Ave,6839.04,40.75724567911726,-73.97805914,40.76302594280519,-73.97209525,member
EBF8C2EE59D8702A,electric_bike,10:44.2,21:27.8,20 Ave & 31 St,7256.01,Steinway St & Broadway,6711.13,40.78001336610564,-73.90667617,40.75905795418586,-73.91897544,member
ED2C6C6902CB510A,electric_bike,32:14.3,35:37.4,West End Ave & W 107 St,7650.05,West End Ave & W 94 St,7524.09,40.8021174,-73.96818053,40.7941654,-73.974124,member
E05364649CF88AAA,electric_bike,32:03.6,39:46.4,E 11 St & Ave B,5659.11,Washington Pl & Greene St,5755.15,40.72746420692392,-73.97950418,40.72980619180496,-73.99546381,member
FF0090A6116F2FDC,electric_bike,16:09.3,19:40.2,E 48 St & 5 Ave,6626.01,E 58 St & Madison Ave,6839.04,40.75724567911726,-73.97805914,40.76302594280519,-73.97209525,member
37B052C0402B4807,electric_bike,14:08.9,20:40.6,E 11 St & Ave B,5659.11,Washington Pl & Greene St,5755.15,40.72746420692392,-73.97950418,40.72980619180496,-73.99546381,member
5704237B6E09DDB1,electric_bike,29:13.8,10:22.8,Butler St & Court St,4339.01,Fulton St & William St,5137.11,40.6849894,-73.99440329,40.70960089363537,-74.00655091,member
721E37C82490744C,electric_bike,27:45.0,45:54.2,Irving Ave & Harman St,4856.05,Allen St & Rivington St,5414.06,40.70108,-73.9179,40.72019576,-73.98997825,member
F987E286B7D48D32,electric_bike,11:14.9,19:46.3,Fulton Ave & E 168 St,8084.03,Tinton Ave & E 165 St,7991.01,40.830471,-73.904556,40.824796,-73.90242,member
0C81687248F114BD,electric_bike,22:23.1,39:17.2,W 20 St & 10 Ave,6306.01,Mott St & Prince St,5561.04,40.745686,-74.005141,40.72317958,-73.99480012,member
880D1923241ED856,classic_bike,39:21.3,46:12.9,Adam Clayton Powell Blvd & W 126 St,7738.04,Amsterdam Ave & W 125 St,7800.03,40.809495347779475,-73.94776493,40.813358,-73.956461,member
5CE8AF6139EEA4E9,electric_bike,39:55.9,52:29.8,E 184 St & 3 Ave,8467.03,Tinton Ave & E 165 St,7991.01,40.85472,-73.89022,40.824796,-73.90242,member
0F85219EF55BB132,electric_bike,27:22.9,31:50.0,N 15 St & Wythe Ave,5520.09,Franklin St & Dupont St,5944.01,40.724055,-73.955736,40.73564,-73.95866,member
C9B5412E22E3027B,electric_bike,39:43.0,57:25.7,Ashland Pl & Dekalb Ave,4513.09,Mott St & Prince St,5561.04,40.690065,-73.978776,40.72317958,-73.99480012,member
480E5E8A2C07F9FF,electric_bike,31:12.3,38:01.6,W 15 St & 6 Ave,5989.02,Mott St & Prince St,5561.04,40.738046142482766,-73.99642959,40.72317958,-73.99480012,member
5445CF821C8C946E,electric_bike,52:34.8,55:16.5,Broadway & W 133 St,7903.02,Amsterdam Ave & W 125 St,7800.03,40.8190344,-73.956156,40.813358,-73.956461,member
3503FD680A3B4A80,classic_bike,10:33.9,27:59.4,E 63 St & 3 Ave,6830.02,E 25 St & 1 Ave,6004.07,40.763954,-73.9646,40.7381765,-73.97738662,member
992E191DB5B6FFD3,electric_bike,04:17.4,11:35.6,W 12 St & Hudson St,5997.1,Mott St & Prince St,5561.04,40.73752993301071,-74.00558934,40.72317958,-73.99480012,member
943948ABAB24BDE1,classic_bike,19:12.3,23:55.0,Canal St & Rutgers St,5303.08,Allen St & Rivington St,5414.06,40.71427487,-73.98990025,40.72019576,-73.98997825,member
2AA41C94D8E60D16,electric_bike,33:20.1,36:19.8,Hicks St & Montague St,4645.09,Columbia Heights & Cranberry St,4829.01,40.69512845,-73.99595065,40.70037867,-73.99548059,member
7077CDDEEBB7D1C0,classic_bike,51:27.0,07:01.3,W 15 St & 6 Ave,5989.02,Mott St & Prince St,5561.04,40.738046142482766,-73.99642959,40.72317958,-73.99480012,member
B58E62723D4D7A7C,electric_bike,36:38.3,39:40.5,E 17 St & 2 Ave,5896.01,E 10 St & 2 Ave,5746.02,40.73431166276575,-73.98372531,40.72970805644994,-73.98659796,member
D707A99BB5850AA3,classic_bike,22:27.3,27:22.7,Canal St & Rutgers St,5303.08,Allen St & Rivington St,5414.06,40.71427487,-73.98990025,40.72019576,-73.98997825,member
E6C18E70F1677419,classic_bike,43:14.2,49:09.8,E 13 St & 2 Ave,5820.08,Mott St & Prince St,5561.04,40.73153937464073,-73.98530245,40.72317958,-73.99480012,member
B3ABFF152D2EA75A,classic_bike,41:10.4,43:09.2,E 13 St & 2 Ave,5820.08,E 10 St & 2 Ave,5746.02,40.73153937464073,-73.98530245,40.72970805644994,-73.98659796,member
9F5D73D88B909C40,electric_bike,36:42.3,44:28.7,Lexington Ave & E 24 St,6089.07,Allen St & Rivington St,5414.06,40.74025878,-73.98409214,40.72019576,-73.98997825,member
5185EB128EC0FEA5,classic_bike,42:35.9,48:05.2,Roosevelt Ave & 104 St,6414.07,51 Ave & Alstyne Ave,6180.05,40.74984,-73.86156,40.74311,-73.85715,member
E97175A3EE6E03C7,classic_bike,52:00.7,59:01.7,Bedford Ave & Nassau Ave,5550.05,Franklin St & Dupont St,5944.01,40.72311651,-73.95212324,40.73564,-73.95866,casual
F17F9D17113C3CBD,electric_bike,01:13.0,04:27.7,Roosevelt Ave & 104 St,6414.07,51 Ave & Alstyne Ave,6180.05,40.74984,-73.86156,40.74311,-73.85715,casual
178A397100F940F5,electric_bike,51:56.1,56:28.1,E 13 St & 2 Ave,5820.08,Mott St & Prince St,5561.04,40.73153937464073,-73.98530245,40.72317958,-73.99480012,member
EAD932F0279041FB,classic_bike,09:19.0,16:26.1,Lexington Ave & E 24 St,6089.07,E 10 St & 2 Ave,5746.02,40.74025878,-73.98409214,40.72970805644994,-73.98659796,member
14A82D78EF5357D5,electric_bike,52:42.7,57:28.1,31 St & Broadway,6789.2,31 St & Astoria Blvd,6989.07,40.76211,-73.92523,40.7699176,-73.9184057,member
7905554C9E298AD7,classic_bike,56:48.3,02:43.9,E 15 St & 5 Ave,5947.06,E 10 St & 2 Ave,5746.02,40.736592,-73.992949,40.72970805644994,-73.98659796,member
069C6750F515AA76,classic_bike,37:55.4,45:22.3,E 13 St & 2 Ave,5820.08,Allen St & Rivington St,5414.06,40.73153937464073,-73.98530245,40.72019576,-73.98997825,member
D30B43910FA7C37C,classic_bike,16:51.4,53:10.2,West End Ave & W 60 St,7059.08,Fulton St & William St,5137.11,40.77237,-73.99005,40.70960089363537,-74.00655091,member
C0E984B550BC9A60,electric_bike,56:05.5,12:32.8,11 Ave & W 41 St,6726.01,Mott St & Prince St,5561.04,40.76030096,-73.99884222,40.72317958,-73.99480012,member
725F3FF13D165A1E,electric_bike,53:28.9,12:36.7,11 Ave & W 41 St,6726.01,Fulton St & William St,5137.11,40.76030096,-73.99884222,40.70960089363537,-74.00655091,member
4C3D94A0DB5B33C7,electric_bike,14:23.3,20:33.0,Bedford Ave & Nassau Ave,5550.05,Franklin St & Dupont St,5944.01,40.72311651,-73.95212324,40.73564,-73.95866,member
AFC8206D01464047,classic_bike,22:09.0,36:54.6,Bond St & Fulton St,4479.06,Fulton St & William St,5137.11,40.68962189,-73.98304269,40.70960089363537,-74.00655091,member
DD295655B9D8234C,electric_bike,52:17.9,55:50.4,11 Ave & W 41 St,6726.01,W 47 St & 9 Ave,6786.02,40.76030096,-73.99884222,40.76153045158114,-73.99007007,member
C0F11D2307E19E73,classic_bike,12:55.3,37:01.2,11 Ave & W 41 St,6726.01,Lafayette St & E 8 St,5788.13,40.76030096,-73.99884222,40.73020660529954,-73.99102628,member
81EB184EBA3B65A6,classic_bike,18:58.5,40:17.1,11 Ave & W 41 St,6726.01,E 20 St & FDR Dr,5886.13,40.76030096,-73.99884222,40.733208626522426,-73.97568136,member
45985B9B93C845ED,classic_bike,17:57.3,28:24.8,E 13 St & 2 Ave,5820.08,E 22 St & 2 Ave,5971.09,40.73153937464073,-73.98530245,40.73716919369882,-73.98122549,member
7ECDE06D12730ECD,electric_bike,53:53.8,58:38.1,11 Ave & W 41 St,6726.01,W 47 St & 9 Ave,6786.02,40.76030096,-73.99884222,40.76153045158114,-73.99007007,casual
3C060486E6C69C38,electric_bike,08:28.6,10:52.3,Rogers Ave & Lincoln Rd,3625.07,Flatbush Ave & Lincoln Rd,3593.1,40.66127,-73.95352,40.66131,-73.96091,member
81EC0177EA9651DD,electric_bike,52:13.0,56:08.5,E 13 St & 2 Ave,5820.08,Lafayette St & E 8 St,5788.13,40.73153937464073,-73.98530245,40.73020660529954,-73.99102628,member
DBC77544B58F58BF,electric_bike,35:03.6,44:32.8,E 40 St & Park Ave,6432.11,Lafayette St & E 8 St,5788.13,40.750756,-73.978326,40.73020660529954,-73.99102628,member
EA9DA211433BF7B1,electric_bike,04:08.8,09:43.9,E 43 St & Madison Ave,6551.11,E 48 St & 3 Ave,6541.03,40.75354681867074,-73.97896573,40.7546011,-73.97187886,member
D9DAFAD31E8CCD91,classic_bike,14:02.6,19:09.6,Riverside Dr & W 72 St,7288.04,Riverside Dr & W 82 St,7388.1,40.78057799010334,-73.98562431,40.78720869,-73.98128127,member
FDA6DDC97513939F,electric_bike,28:19.1,40:07.7,E 40 St & Park Ave,6432.11,E 20 St & FDR Dr,5886.13,40.750756,-73.978326,40.733208626522426,-73.97568136,member
E2B85E3A19798C7D,classic_bike,32:48.5,01:28.5,Church St & Worth St,5359.13,E 39 St & Lexington Ave,6389.09,40.71688538495366,-74.00650129,40.749498546025194,-73.97729203,member
65386B0956712F03,electric_bike,36:59.4,52:51.6,E 77 St & 1 Ave,7020.02,E 48 St & 3 Ave,6541.03,40.77095553869235,-73.95356208,40.7546011,-73.97187886,member
58B0F9A77DEA4586,electric_bike,07:12.4,13:23.8,Caton Ave & E 7 St,3199.01,West Drive & Prospect Park West,3651.04,40.647718,-73.973663,40.66106337,-73.97945255,member
F9AC2A5DAADB0634,classic_bike,05:06.9,11:25.5,Madison St & Montgomery St,5262.09,Market St & Henry St,5270.09,40.713126,-73.984844,40.71310702305908,-73.99446353,member
C2CC35A16217A1A3,electric_bike,43:42.9,09:15.2,Greene St & Prince St,5602.06,E 39 St & Lexington Ave,6389.09,40.72511734422387,-73.99930492,40.749498546025194,-73.97729203,member
06FDFA24323B6005,electric_bike,55:45.6,06:39.1,Greene St & Prince St,5602.06,E 20 St & FDR Dr,5886.13,40.72511734422387,-73.99930492,40.733208626522426,-73.97568136,member
7070BAEEC58E849E,electric_bike,58:05.1,07:50.3,E 35 St & Madison Ave,6398.08,E 22 St & 2 Ave,5971.09,40.74848023448579,-73.98255587,40.73716919369882,-73.98122549,member
67B438582FC2DB75,classic_bike,08:07.7,14:11.6,W 48 St &  Rockefeller Plaza,6626.11,E 39 St & Lexington Ave,6389.09,40.75776935448309,-73.9792943,40.749498546025194,-73.97729203,member
985E422730CDC54D,electric_bike,58:40.7,12:16.2,Bank St & Washington St,5964.01,6 Ave & W 45 St,6593.15,40.7361967,-74.00859207,40.756951,-73.982631,member
B04D463ECD1381DC,electric_bike,26:29.9,35:40.1,Atlantic Ave & Furman St,4614.04,Bridge St & York St,4853.06,40.69165183,-73.9999786,40.70133448066992,-73.98471236,member
1D4EEDEADA312B97,classic_bike,52:28.2,56:12.2,W 12 St & Hudson St,5997.1,Christopher St & Greenwich St,5847.01,40.73752993301071,-74.00558934,40.73291553,-74.00711384,member
53DBF493328A1259,electric_bike,03:48.9,10:15.9,W 56 St & 6 Ave,6809.07,6 Ave & W 45 St,6593.15,40.76340613,-73.97722479,40.756951,-73.982631,member
EED67645DACF6792,electric_bike,27:37.4,32:05.5,5 Ave & W 126 St,7701.21,2 Ave & E 122 St,7622.12,40.80722,-73.9418,40.8006721,-73.9349,member
2EA29B3A1137E7A7,electric_bike,34:27.7,37:28.1,W 48 St &  Rockefeller Plaza,6626.11,E 48 St & 3 Ave,6541.03,40.75776935448309,-73.9792943,40.7546011,-73.97187886,member
72902741B8B5CCC3,electric_bike,43:03.3,50:50.5,Duane St & Hudson St,5359.12,Lafayette St & E 8 St,5788.13,40.71703,-74.00925,40.73020660529954,-73.99102628,member
50E31CEEB6FE1A39,electric_bike,02:50.9,07:06.8,W 15 St & 6 Ave,5989.02,Christopher St & Greenwich St,5847.01,40.738046142482766,-73.99642959,40.73291553,-74.00711384,member
2AA0EE008F9087F6,electric_bike,48:29.6,06:14.5,Atlantic Ave & Furman St,4614.04,Lafayette St & E 8 St,5788.13,40.69165183,-73.9999786,40.73020660529954,-73.99102628,member
6C86093CBF26312F,electric_bike,17:56.0,25:16.1,E 58 St & 3 Ave,6762.02,E 48 St & 3 Ave,6541.03,40.76095756,-73.96724467,40.7546011,-73.97187886,member
A120E00C09DDA975,electric_bike,44:07.7,51:16.8,W 15 St & 6 Ave,5989.02,Lafayette St & E 8 St,5788.13,40.738046142482766,-73.99642959,40.73020660529954,-73.99102628,member
307475358E99E161,classic_bike,26:12.2,30:40.7,E 17 St & 2 Ave,5896.01,Lafayette St & E 8 St,5788.13,40.73431166276575,-73.98372531,40.73020660529954,-73.99102628,member
FB31EC2167868128,classic_bike,54:14.7,00:14.4,E 17 St & 2 Ave,5896.01,Lafayette St & E 8 St,5788.13,40.73431166276575,-73.98372531,40.73020660529954,-73.99102628,member
87DA5D6870818FB0,classic_bike,17:02.3,22:22.1,E 17 St & 2 Ave,5896.01,Lafayette St & E 8 St,5788.13,40.73431166276575,-73.98372531,40.73020660529954,-73.99102628,member
E6C6F9D5F6737F89,electric_bike,00:34.1,06:40.8,E 54 St & 1 Ave,6608.09,E 39 St & Lexington Ave,6389.09,40.756265,-73.964179,40.749498546025194,-73.97729203,member
8E0853317EBDDD9F,electric_bike,21:43.7,46:04.3,Liberty St & Broadway,5105.01,6 Ave & W 45 St,6593.15,40.70905623,-74.01043382,40.756951,-73.982631,member
DCBA8F106CD920F4,electric_bike,09:24.0,19:47.3,Central Park West & W 85 St,7354.01,W 47 St & 9 Ave,6786.02,40.78476,-73.969862,40.76153045158114,-73.99007007,member
DE9F18337969952B,classic_bike,04:41.9,07:39.9,E 17 St & 2 Ave,5896.01,E 26 St & 3 Ave,6089.11,40.73431166276575,-73.98372531,40.74069317733043,-73.98160636,member
ACBBAA9F2092F2B5,classic_bike,28:52.4,33:05.7,E 17 St & 2 Ave,5896.01,E 26 St & 3 Ave,6089.11,40.73431166276575,-73.98372531,40.74069317733043,-73.98160636,member
A23715473B7C2EA7,electric_bike,24:51.1,28:30.8,E 17 St & 2 Ave,5896.01,1 Ave & E 6 St,5626.15,40.73431166276575,-73.98372531,40.72633085971696,-73.9861688,member
4F0CD2A08137F022,classic_bike,35:33.1,38:58.2,E 17 St & 2 Ave,5896.01,E 26 St & 3 Ave,6089.11,40.73431166276575,-73.98372531,40.74069317733043,-73.98160636,member
78D5B87E30479186,electric_bike,43:23.2,49:34.0,W 15 St & 6 Ave,5989.02,E 26 St & 3 Ave,6089.11,40.738046142482766,-73.99642959,40.74069317733043,-73.98160636,member
B60DF7D8E8DA6B57,classic_bike,50:30.7,53:22.6,Liberty St & Broadway,5105.01,Pearl St & Whitehall St,4962.09,40.70905623,-74.01043382,40.703144,-74.013178,member
36DBAEB687552304,electric_bike,45:03.7,50:55.8,W 15 St & 6 Ave,5989.02,E 26 St & 3 Ave,6089.11,40.738046142482766,-73.99642959,40.74069317733043,-73.98160636,member
D4E0EC167DC3E491,electric_bike,40:43.6,50:21.5,W 24 St & 7 Ave,6257.03,E 20 St & FDR Dr,5886.13,40.74487634,-73.99529885,40.733208626522426,-73.97568136,casual
7EC44817343D3BED,electric_bike,34:46.8,44:08.0,Columbia St & Kane St,4422.05,5 Ave & 3 St,3987.06,40.68763155,-74.0016256,40.6728155,-73.98352355,member
F3BF4A5122C98633,electric_bike,50:50.1,54:14.5,Butler St & Court St,4339.01,Carroll St & Columbia St,4348.07,40.6849894,-73.99440329,40.6830456,-74.00348559,member
0E2057101ACA2BD0,classic_bike,44:10.0,54:43.1,W 24 St & 7 Ave,6257.03,W 47 St & 9 Ave,6786.02,40.74487634,-73.99529885,40.76153045158114,-73.99007007,member
8A66AE91F718BEF8,classic_bike,43:34.8,50:51.6,E 11 St & Ave B,5659.11,Lafayette St & E 8 St,5788.13,40.72746420692392,-73.97950418,40.73020660529954,-73.99102628,member
AA52EAE8F0765900,electric_bike,41:12.4,00:02.8,W 24 St & 7 Ave,6257.03,6 Ave & W 45 St,6593.15,40.74487634,-73.99529885,40.756951,-73.982631,casual
2EA457141C6B5CD7,electric_bike,44:44.9,05:18.6,Central Park S & Grand Army Plaza,6839.15,W 27 St & 7 Ave,6257.06,40.764555,-73.973473,40.74665,-73.99392,member
4670643E9649C623,electric_bike,33:14.4,36:58.0,E 13 St & 2 Ave,5820.08,E 12 St & 3 Ave,5788.12,40.73153937464073,-73.98530245,40.73223272,-73.98889957,member
DCFCB9BEE995BDAF,electric_bike,06:17.7,18:13.1,11 Ave & W 41 St,6726.01,E 40 St & 5 Ave,6474.11,40.76030096,-73.99884222,40.75206231,-73.9816324,member
E473BD93FC2E9992,electric_bike,25:09.2,32:06.4,31 St & Ditmars Blvd,7144.02,21 Ave & 80 St,7060.02,40.776168,-73.910485,40.770888,-73.889914,member
60C4DD91C7896483,electric_bike,40:28.7,45:24.6,Bergen Ave & E 152 St,7858.02,E 135 St & St Ann's Ave,7687.05,40.817166,-73.914737,40.805089,-73.918889,member
5D67F88E6D9C0A5B,electric_bike,56:45.3,00:11.8,31 St & Ditmars Blvd,7144.02,Steinway St & 19 Ave,7220.01,40.776168,-73.910485,40.778089,-73.899558,member
251B225473CC8ECD,classic_bike,29:50.1,37:15.5,Lexington Ave & E 24 St,6089.07,E 20 St & 2 Ave,5971.08,40.74025878,-73.98409214,40.73587678,-73.98205027,member
DD6466C663374832,electric_bike,49:48.3,59:38.8,Mercer St & Spring St,5532.01,Perry St & Bleecker St,5922.07,40.72362738,-73.99949601,40.73535398,-74.00483091,member
2BFA9D3CA6086BC9,electric_bike,44:11.4,58:36.0,E 40 St & Park Ave,6432.11,Allen St & Hester St,5343.1,40.750756,-73.978326,40.71606,-73.99191,member
050B8A453EB51AA5,electric_bike,21:47.9,28:37.3,Greenwich Ave & Charles St,5914.08,W 27 St & 7 Ave,6257.06,40.735238,-74.000271,40.74665,-73.99392,casual
FA0B79BD8B60B2D3,electric_bike,50:35.5,55:07.6,E 40 St & Park Ave,6432.11,FDR Drive & E 35 St,6230.04,40.750756,-73.978326,40.744219,-73.97121214,member
8D7D4ECC5E38D72C,electric_bike,05:34.6,27:54.2,South End Ave & Albany St,5114.08,E 40 St & 5 Ave,6474.11,40.709957,-74.016538,40.75206231,-73.9816324,member
A735B54A362FC539,electric_bike,48:33.7,50:31.3,Broadway & 74 St,6332.1,74 St & Woodside Ave,6216.01,40.74653,-73.89121,40.74325,-73.89079,member
55DB4D3A6B0A0B39,electric_bike,10:23.7,14:50.4,E 40 St & Park Ave,6432.11,FDR Drive & E 35 St,6230.04,40.750756,-73.978326,40.744219,-73.97121214,member
1063B3C02AA0F90F,classic_bike,22:57.9,24:32.1,76 St & 21 Ave,7032.02,21 Ave & 80 St,7060.02,40.77028,-73.893675,40.770888,-73.889914,member
B421219D04F6FFF1,electric_bike,07:18.5,13:40.3,E 40 St & Park Ave,6432.11,W 27 St & 6 Ave,6215.07,40.750756,-73.978326,40.74526,-73.99062,member
B9CD6F2B36BA34B4,classic_bike,56:03.4,04:26.6,E 43 St & Madison Ave,6551.11,W 27 St & 7 Ave,6257.06,40.75354681867074,-73.97896573,40.74665,-73.99392,member
4BA06B9867F97DE3,electric_bike,15:46.9,23:09.6,Frederick Douglass Blvd & W 117 St,7688.12,E 98 St & Park Ave,7443.17,40.805159,-73.954692,40.78813,-73.95206,member
41B5897E1D44EE3B,classic_bike,07:44.0,22:03.7,Hudson Blvd W & W 36 St,6611.07,E 40 St & 5 Ave,6474.11,40.75676475086503,-73.9997144,40.75206231,-73.9816324,member
3F4023CB73949DAC,electric_bike,46:24.5,51:42.0,W 20 St & 10 Ave,6306.01,W 27 St & 6 Ave,6215.07,40.745686,-74.005141,40.74526,-73.99062,member
93CC3AAD44670136,electric_bike,37:32.3,39:27.6,Lafayette St & Grand St,5422.09,Forsyth St & Grand St,5382.07,40.72028,-73.99879,40.71779817737835,-73.99316132,member
E1715AC8F20D0611,classic_bike,54:01.4,01:49.0,W 20 St & 10 Ave,6306.01,W 27 St & 6 Ave,6215.07,40.745686,-74.005141,40.74526,-73.99062,member
577B47CB5AC4E6C9,classic_bike,58:29.6,07:34.3,62 St & 34 Ave,6460.06,49 St & 31 Ave,6662.01,40.75201,-73.89986,40.758057,-73.909831,member
541D725A76EC9D7B,classic_bike,23:36.9,30:52.9,E 35 St & Madison Ave,6398.08,W 27 St & 7 Ave,6257.06,40.74848023448579,-73.98255587,40.74665,-73.99392,member
577EF344888DDFB0,classic_bike,40:41.7,12:55.1,Broadway & Moylan Pl,7823.03,W 27 St & 6 Ave,6215.07,40.8143256,-73.9590255,40.74526,-73.99062,member
E105FA19AF70AEB0,electric_bike,30:57.6,46:47.3,Henry St & Remsen St,4645.04,Perry St & Bleecker St,5922.07,40.69400964865994,-73.99465129,40.73535398,-74.00483091,member
B14CA3087AE55699,electric_bike,41:28.6,56:35.8,Henry St & Remsen St,4645.04,Franklin Ave & Quincy St,4410.02,40.69400964865994,-73.99465129,40.68636,-73.95678,member
061690996ED9DACE,electric_bike,12:39.2,28:26.5,E 77 St & 1 Ave,7020.02,E 98 St & Park Ave,7443.17,40.77095553869235,-73.95356208,40.78813,-73.95206,member
D1B855FA3531F09F,electric_bike,43:42.0,00:41.7,Nassau St & Duffield St,4781.05,Perry St & Bleecker St,5922.07,40.698477,-73.98384,40.73535398,-74.00483091,member
DBB5DE17D3CC7932,electric_bike,31:23.3,34:43.6,W 24 St & 7 Ave,6257.03,8 Ave & W 31 St,6450.05,40.74487634,-73.99529885,40.75058535,-73.99468482,member
7196119767DCB86C,electric_bike,24:44.0,31:51.0,1 Ave & E 110 St,7522.02,Madison Ave & E 120 St,7667.04,40.7923272,-73.9383,40.80295,-73.942954,casual
92E44BDE0738E5D1,electric_bike,10:08.0,13:15.1,W 24 St & 7 Ave,6257.03,W 17 St & 8 Ave,6148.02,40.74487634,-73.99529885,40.74177603,-74.00149746,member
E160D6C4537B8DA3,electric_bike,07:24.1,16:22.1,West End Ave & W 107 St,7650.05,Riverside Dr & W 148 St,8054.04,40.8021174,-73.96818053,40.829114,-73.950426,member
035F3C643BE8244F,electric_bike,03:36.3,31:02.9,West End Ave & W 107 St,7650.05,W 11 St & 6 Ave,5914.03,40.8021174,-73.96818053,40.73532427,-73.99800419,member
A17844455E5B715D,electric_bike,42:09.3,46:34.6,Madison Ave & E 99 St,7443.01,Madison Ave & E 120 St,7667.04,40.78948541553215,-73.95242929,40.80295,-73.942954,member
1B83515BEE121E1E,electric_bike,55:35.6,59:38.4,W 24 St & 7 Ave,6257.03,9 Ave & W 33 St,6492.08,40.74487634,-73.99529885,40.752568,-73.996765,member
1F5382548885DC6C,electric_bike,13:55.3,27:02.6,W 24 St & 7 Ave,6257.03,E 12 St & Ave C,5616.08,40.74487634,-73.99529885,40.727243,-73.976831,casual
7CAAA3D2164BD2FF,electric_bike,38:47.6,50:21.8,W 24 St & 7 Ave,6257.03,E 12 St & Ave C,5616.08,40.74487634,-73.99529885,40.727243,-73.976831,member
734DD1E6D0B3376F,classic_bike,50:40.8,56:32.2,W 24 St & 7 Ave,6257.03,9 Ave & W 33 St,6492.08,40.74487634,-73.99529885,40.752568,-73.996765,member
3018F2EFF8DD68EE,classic_bike,09:45.9,13:34.6,Broadway & 74 St,6332.1,41 Ave & 80 St,6249.02,40.74653,-73.89121,40.74586,-73.88539,member
EB027BC9F20A0297,classic_bike,32:55.2,37:13.3,28 St & 41 Ave,6462.19,Davis St & Jackson Ave,6278.05,40.751047,-73.93797,40.745627,-73.945661,member
7290656D42AA74C4,classic_bike,20:06.4,52:15.6,Pitt St & Stanton St,5406.04,W 51 St & 6 Ave,6740.1,40.71926081,-73.98178024,40.7606597,-73.98042047,member
D72F0F3AF8C1C08F,electric_bike,44:38.0,51:53.8,E 43 St & Madison Ave,6551.11,9 Ave & W 33 St,6492.08,40.75354681867074,-73.97896573,40.752568,-73.996765,member
BFE32C6A0C285C24,electric_bike,43:44.7,52:45.4,E 43 St & Madison Ave,6551.11,W 21 St & 6 Ave,6140.05,40.75354681867074,-73.97896573,40.74173969,-73.99415556,member
CAAC4FFC83C4B39F,electric_bike,43:14.1,49:38.3,Greenwich Ave & Charles St,5914.08,W 21 St & 6 Ave,6140.05,40.735238,-74.000271,40.74173969,-73.99415556,member
EA6E167A2854C360,electric_bike,49:06.2,58:32.8,E 43 St & Madison Ave,6551.11,9 Ave & W 33 St,6492.08,40.75354681867074,-73.97896573,40.752568,-73.996765,casual
4DABC27F1E9C6522,electric_bike,18:11.4,21:28.8,103 St & Martense Ave,6062.03,103 St & 41 Ave,6337.09,40.74046,-73.8565,40.74875,-73.86285,casual
2E4D82619D89699B,electric_bike,06:42.4,13:51.6,E 43 St & Madison Ave,6551.11,9 Ave & W 33 St,6492.08,40.75354681867074,-73.97896573,40.752568,-73.996765,member
786B3B324D17912A,electric_bike,38:23.5,46:56.5,E 43 St & Madison Ave,6551.11,W 21 St & 6 Ave,6140.05,40.75354681867074,-73.97896573,40.74173969,-73.99415556,member
85295CEB8C98AB88,classic_bike,16:44.8,20:48.9,Greenwich Ave & Charles St,5914.08,W 21 St & 6 Ave,6140.05,40.735238,-74.000271,40.74173969,-73.99415556,member
7154DE6C36A3E1C7,classic_bike,48:03.7,55:26.1,E 40 St & Park Ave,6432.11,9 Ave & W 33 St,6492.08,40.750756,-73.978326,40.752568,-73.996765,member
477995260AF2AF08,classic_bike,18:41.6,30:58.6,Mercer St & Spring St,5532.01,W 21 St & 6 Ave,6140.05,40.72362738,-73.99949601,40.74173969,-73.99415556,member
8B0AB6C0A460DA7D,electric_bike,56:16.1,05:09.8,Mercer St & Spring St,5532.01,W 21 St & 6 Ave,6140.05,40.72362738,-73.99949601,40.74173969,-73.99415556,member
E5DEC1FB21624262,electric_bike,04:24.9,09:40.2,E 43 St & Madison Ave,6551.11,W 49 St & 8 Ave,6747.06,40.75354681867074,-73.97896573,40.76227205,-73.98788205,member
7BADBAEB6672CAA0,electric_bike,18:03.0,22:46.0,103 St & Martense Ave,6062.03,103 St & 41 Ave,6337.09,40.74046,-73.8565,40.74875,-73.86285,member
91956ED69CD32744,electric_bike,09:52.3,14:17.1,103 St & Martense Ave,6062.03,103 St & 41 Ave,6337.09,40.74046,-73.8565,40.74875,-73.86285,member
0217CBA76178136D,electric_bike,33:49.7,42:11.0,Greenwich Ave & Charles St,5914.08,9 Ave & W 33 St,6492.08,40.735238,-74.000271,40.752568,-73.996765,member
BC9B4096422766D4,electric_bike,18:06.7,21:15.6,103 St & Martense Ave,6062.03,103 St & 41 Ave,6337.09,40.74046,-73.8565,40.74875,-73.86285,member
95585A939BBC2C56,electric_bike,02:46.3,05:31.2,Riverside Dr & W 72 St,7288.04,W 78 St & Broadway,7311.07,40.78057799010334,-73.98562431,40.78339981,-73.98093133,member
C5BF2329BB4AD2F2,electric_bike,21:57.6,33:23.8,Greenwich Ave & Charles St,5914.08,W 51 St & 6 Ave,6740.1,40.735238,-74.000271,40.7606597,-73.98042047,member
B7BD4A7A2587B7CC,electric_bike,10:17.3,17:09.6,E 43 St & Madison Ave,6551.11,W 21 St & 6 Ave,6140.05,40.75354681867074,-73.97896573,40.74173969,-73.99415556,member
410893D75B8D98E3,classic_bike,04:15.8,08:46.1,Greenwich Ave & Charles St,5914.08,W 21 St & 6 Ave,6140.05,40.735238,-74.000271,40.74173969,-73.99415556,member
A0C70D2FE57AE509,classic_bike,20:00.2,35:23.7,E 43 St & Madison Ave,6551.11,9 Ave & W 33 St,6492.08,40.75354681867074,-73.97896573,40.752568,-73.996765,member
4639D20A038E1A0A,electric_bike,33:41.6,35:55.9,Riverside Dr & W 72 St,7288.04,W 78 St & Broadway,7311.07,40.78057799010334,-73.98562431,40.78339981,-73.98093133,member
5A41E3204038D970,electric_bike,04:16.6,13:09.5,E 40 St & Park Ave,6432.11,W 21 St & 6 Ave,6140.05,40.750756,-73.978326,40.74173969,-73.99415556,member
2FAF2F9D6465588C,electric_bike,58:20.2,06:27.4,E 40 St & Park Ave,6432.11,9 Ave & W 33 St,6492.08,40.750756,-73.978326,40.752568,-73.996765,member
5A0EA85DCFCDC6B6,electric_bike,56:53.6,07:16.0,Greene St & Prince St,5602.06,W 22 St & 8 Ave,6224.03,40.72511734422387,-73.99930492,40.74475148,-73.99915362,member
95F072EEA3324950,electric_bike,29:34.3,36:40.6,Eastern Pkwy & Schenectady Ave,3893.03,New York Ave & Lenox Rd,3431.02,40.66876,-73.93376,40.65458,-73.94716,member
FCC32D14DEE40E6E,classic_bike,51:47.1,05:59.1,E 11 St & Ave B,5659.11,W 21 St & 6 Ave,6140.05,40.72746420692392,-73.97950418,40.74173969,-73.99415556,member
DDFA45D4408DD942,electric_bike,59:51.3,02:27.3,E 48 St & 5 Ave,6626.01,W 51 St & 6 Ave,6740.1,40.75724567911726,-73.97805914,40.7606597,-73.98042047,member
CDC99F61A113CF2E,electric_bike,09:51.1,29:07.2,West End Ave & W 107 St,7650.05,9 Ave & W 33 St,6492.08,40.8021174,-73.96818053,40.752568,-73.996765,member
91BA2063E0D66048,electric_bike,03:30.0,05:25.2,W 24 St & 7 Ave,6257.03,W 21 St & 6 Ave,6140.05,40.74487634,-73.99529885,40.74173969,-73.99415556,member
385E4773DAFF562D,electric_bike,20:36.7,26:48.8,W 24 St & 7 Ave,6257.03,W 51 St & 6 Ave,6740.1,40.74487634,-73.99529885,40.7606597,-73.98042047,member
36B6260A61F9D0B9,electric_bike,57:12.8,02:13.2,Pacific St & Smith St,4446.03,3 Ave & Carroll St,4143.04,40.687880939612775,-73.98939282,40.677027,-73.9865,casual
D530E41718B00E88,electric_bike,52:20.8,00:07.5,W 54 St & 9 Ave,6920.05,E 50 St & Park Ave,6659.1,40.76604,-73.98737,40.757334,-73.974235,member
4754AF18773F6AC9,classic_bike,47:32.9,49:32.3,E 106 St & 1 Ave,7456.03,E 103 St & 2 Ave,7436.16,40.7892529,-73.93956237,40.78864,-73.9436,member
7218A12653AAA70A,electric_bike,00:21.2,08:27.3,E 15 St & 5 Ave,5947.06,W 20 St & 11 Ave,6306.07,40.736592,-73.992949,40.746745,-74.007756,member
7671AC187213F131,electric_bike,58:14.0,00:10.2,E 106 St & 1 Ave,7456.03,E 103 St & 2 Ave,7436.16,40.7892529,-73.93956237,40.78864,-73.9436,member
AF79ED7C006F8B81,electric_bike,47:46.2,53:55.0,Bedford Ave & Nassau Ave,5550.05,S 3 St & Bedford Ave,5235.05,40.72311651,-73.95212324,40.71260486,-73.96264403,member
C969C70323C88139,electric_bike,59:19.7,12:00.3,Vesey St & Greenwich St,5216.07,Stanton St & Norfolk St,5445.07,40.71254669463547,-74.01113051,40.720747,-73.986274,member
EAEB142DB9FFC5B4,electric_bike,30:40.2,40:17.0,Central Park S & Grand Army Plaza,6839.15,E 91 St & Park Ave,7344.05,40.764555,-73.973473,40.7835016,-73.955327,member
4B3BDBD5D22C3842,classic_bike,10:26.6,14:21.5,E 106 St & 1 Ave,7456.03,E 103 St & 2 Ave,7436.16,40.7892529,-73.93956237,40.78864,-73.9436,member
1E0A09ABBCEF61ED,classic_bike,56:58.3,18:59.3,Pacific St & Smith St,4446.03,Kent Ave & Division Ave,5021.05,40.687880939612775,-73.98939282,40.706563674670925,-73.9683187,member
1F4C34609C8E2B99,electric_bike,18:14.9,23:16.6,Lexington Ave & E 24 St,6089.07,E 16 St & 5 Ave,6022.04,40.74025878,-73.98409214,40.73726186,-73.99238967,member
BB14FEB083A8347C,classic_bike,56:19.8,05:11.8,29 St & 5 Ave,3523.06,53 St & 4 Ave,3169.07,40.656986,-73.998194,40.644862,-74.014531,member
B9AF435C67CBC58D,classic_bike,58:01.2,07:49.9,29 St & 5 Ave,3523.06,53 St & 4 Ave,3169.07,40.656986,-73.998194,40.644862,-74.014531,member
5061F0D8819CE3DE,classic_bike,47:11.7,56:46.2,29 St & 5 Ave,3523.06,53 St & 4 Ave,3169.07,40.656986,-73.998194,40.644862,-74.014531,member
13510928ABEED52D,classic_bike,02:17.4,11:47.8,29 St & 5 Ave,3523.06,53 St & 4 Ave,3169.07,40.656986,-73.998194,40.644862,-74.014531,member
AC7DD6B3B8EA1375,electric_bike,51:17.4,00:32.7,31 St & Ditmars Blvd,7144.02,30 Ave & 41 St,6812.06,40.776168,-73.910485,40.763422,-73.914142,member
7CFE158F28BEF863,electric_bike,44:55.8,49:07.2,South End Ave & Albany St,5114.08,Hudson St & Reade St,5359.1,40.709957,-74.016538,40.71625008,-74.0091059,member
CC5790A43498FC06,electric_bike,38:16.0,43:39.5,South End Ave & Albany St,5114.08,Hudson St & Reade St,5359.1,40.709957,-74.016538,40.71625008,-74.0091059,member
7FAED56CF0BC34FC,classic_bike,13:36.4,21:38.9,Madison St & Clinton St,5190.07,Centre St & Worth St,5279.03,40.71269042,-73.98776323,40.71494807,-74.00234482,member
0C8B5CE25ADF376C,electric_bike,02:40.9,12:03.5,E 40 St & Park Ave,6432.11,W 20 St & 11 Ave,6306.07,40.750756,-73.978326,40.746745,-74.007756,member